INSERT INTO public."City" ("ID", "CityName") VALUES (1, 'г Черногорск');
INSERT INTO public."City" ("ID", "CityName") VALUES (2, 'г Саяногорск');
INSERT INTO public."City" ("ID", "CityName") VALUES (3, 'п Расцвет');
INSERT INTO public."City" ("ID", "CityName") VALUES (4, 'рп Усть-Абакан');
INSERT INTO public."City" ("ID", "CityName") VALUES (5, 'г Черногорск, рп Пригорск');
INSERT INTO public."City" ("ID", "CityName") VALUES (6, 'д Кайбалы');

--г Черногорск
INSERT INTO public."Street" ("ID", "StreetName", "CityID") VALUES (1, 'ул Черногорская', 1);
INSERT INTO public."Street" ("ID", "StreetName", "CityID") VALUES (2, 'ул Абаканская', 1);
INSERT INTO public."Street" ("ID", "StreetName", "CityID") VALUES (3, 'пр-кт Космонавтов', 1);
INSERT INTO public."Street" ("ID", "StreetName", "CityID") VALUES (4, 'ул Снежная', 1);
INSERT INTO public."Street" ("ID", "StreetName", "CityID") VALUES (5, 'ул Свердлова', 1);

--г Саяногорск
INSERT INTO public."Street" ("ID", "StreetName", "CityID") VALUES (6, 'ул Гоголя', 2);
INSERT INTO public."Street" ("ID", "StreetName", "CityID") VALUES (7, 'ул Транспортная', 2);
INSERT INTO public."Street" ("ID", "StreetName", "CityID") VALUES (8, 'ул Спасская', 2);
INSERT INTO public."Street" ("ID", "StreetName", "CityID") VALUES (9, 'Степной пер', 2);
INSERT INTO public."Street" ("ID", "StreetName", "CityID") VALUES (10, 'ул Фруктовая', 2);

--п Расцвет
INSERT INTO public."Street" ("ID", "StreetName", "CityID") VALUES (11, 'ул Фестивальная', 3);
INSERT INTO public."Street" ("ID", "StreetName", "CityID") VALUES (12, 'ул Школьная', 3);
INSERT INTO public."Street" ("ID", "StreetName", "CityID") VALUES (13, '1-й Школьный пер', 3);
INSERT INTO public."Street" ("ID", "StreetName", "CityID") VALUES (14, 'ул Успешная', 3);
INSERT INTO public."Street" ("ID", "StreetName", "CityID") VALUES (15, 'Княжий пер', 3);

--рп Усть-Абакан
INSERT INTO public."Street" ("ID", "StreetName", "CityID") VALUES (16, 'Ивано-Антоновский пер', 4);
INSERT INTO public."Street" ("ID", "StreetName", "CityID") VALUES (17, 'ул Ковровая', 4);
INSERT INTO public."Street" ("ID", "StreetName", "CityID") VALUES (18, 'ул Малиновая', 4);
INSERT INTO public."Street" ("ID", "StreetName", "CityID") VALUES (19, 'ул Минусинская', 4);
INSERT INTO public."Street" ("ID", "StreetName", "CityID") VALUES (20, 'снт СТ Родничок улица Новая', 4);

--г Черногорск, рп Пригорск
INSERT INTO public."Street" ("ID", "StreetName", "CityID") VALUES (21, 'ул Биджинская', 5);
INSERT INTO public."Street" ("ID", "StreetName", "CityID") VALUES (22, 'ул Уссурийская', 5);
INSERT INTO public."Street" ("ID", "StreetName", "CityID") VALUES (23, 'ул Приморская', 5);
INSERT INTO public."Street" ("ID", "StreetName", "CityID") VALUES (24, 'ул Енисейская', 5);
INSERT INTO public."Street" ("ID", "StreetName", "CityID") VALUES (25, 'ул Зеленая', 5);

--д Кайбалы
INSERT INTO public."Street" ("ID", "StreetName", "CityID") VALUES (26, 'Степной пер', 6);
INSERT INTO public."Street" ("ID", "StreetName", "CityID") VALUES (27, 'Охотный пер', 6);
INSERT INTO public."Street" ("ID", "StreetName", "CityID") VALUES (28, 'ул Спасская', 6);
INSERT INTO public."Street" ("ID", "StreetName", "CityID") VALUES (29, 'ул Казанская', 6);
INSERT INTO public."Street" ("ID", "StreetName", "CityID") VALUES (30, 'ул Севастопольская', 6);

--г Черногорск ул Черногорская
INSERT INTO public."House" ("ID", "HouseName", "FlatsNumber", "StreetID") VALUES (1, 'д 1', 23, 1);
INSERT INTO public."House" ("ID", "HouseName", "FlatsNumber", "StreetID") VALUES (2, 'д 2', 11, 1);
INSERT INTO public."House" ("ID", "HouseName", "FlatsNumber", "StreetID") VALUES (3, 'д 3', 23, 1);
INSERT INTO public."House" ("ID", "HouseName", "FlatsNumber", "StreetID") VALUES (4, 'д 4', 44, 1);
INSERT INTO public."House" ("ID", "HouseName", "FlatsNumber", "StreetID") VALUES (5, 'д 5', 53, 1);
INSERT INTO public."House" ("ID", "HouseName", "FlatsNumber", "StreetID") VALUES (6, 'д 5', 21, 1);
INSERT INTO public."House" ("ID", "HouseName", "FlatsNumber", "StreetID") VALUES (7, 'д 6', 12, 1);
INSERT INTO public."House" ("ID", "HouseName", "FlatsNumber", "StreetID") VALUES (8, 'д 7', 21, 1);
INSERT INTO public."House" ("ID", "HouseName", "FlatsNumber", "StreetID") VALUES (9, 'д 9', 5, 1);
INSERT INTO public."House" ("ID", "HouseName", "FlatsNumber", "StreetID") VALUES (10, 'д 12', 9, 1);

--г Черногорск ул Абаканская
INSERT INTO public."House" ("ID", "HouseName", "FlatsNumber", "StreetID") VALUES (11, 'д 12', 1, 2);
INSERT INTO public."House" ("ID", "HouseName", "FlatsNumber", "StreetID") VALUES (12, 'д 32', 4, 2);
INSERT INTO public."House" ("ID", "HouseName", "FlatsNumber", "StreetID") VALUES (13, 'д 43', 6, 2);
INSERT INTO public."House" ("ID", "HouseName", "FlatsNumber", "StreetID") VALUES (14, 'д 53', 2, 2);
INSERT INTO public."House" ("ID", "HouseName", "FlatsNumber", "StreetID") VALUES (15, 'д 64', 6, 2);
INSERT INTO public."House" ("ID", "HouseName", "FlatsNumber", "StreetID") VALUES (16, 'д 34', 9, 2);
INSERT INTO public."House" ("ID", "HouseName", "FlatsNumber", "StreetID") VALUES (17, 'д 32', 3, 2);
INSERT INTO public."House" ("ID", "HouseName", "FlatsNumber", "StreetID") VALUES (18, 'д 32', 23, 2);
INSERT INTO public."House" ("ID", "HouseName", "FlatsNumber", "StreetID") VALUES (19, 'д 6', 32, 2);
INSERT INTO public."House" ("ID", "HouseName", "FlatsNumber", "StreetID") VALUES (20, 'д 3', 43, 2);

--г Черногорск пр-кт Космонавтов
INSERT INTO public."House" ("ID", "HouseName", "FlatsNumber", "StreetID") VALUES (21, 'д 6', 32, 3);
INSERT INTO public."House" ("ID", "HouseName", "FlatsNumber", "StreetID") VALUES (22, 'д 2', 12, 3);
INSERT INTO public."House" ("ID", "HouseName", "FlatsNumber", "StreetID") VALUES (23, 'д 3', 34, 3);
INSERT INTO public."House" ("ID", "HouseName", "FlatsNumber", "StreetID") VALUES (24, 'д 5', 6, 3);
INSERT INTO public."House" ("ID", "HouseName", "FlatsNumber", "StreetID") VALUES (25, 'д 9', 43, 3);
INSERT INTO public."House" ("ID", "HouseName", "FlatsNumber", "StreetID") VALUES (26, 'д 3', 3, 3);
INSERT INTO public."House" ("ID", "HouseName", "FlatsNumber", "StreetID") VALUES (27, 'д 5', 74, 3);
INSERT INTO public."House" ("ID", "HouseName", "FlatsNumber", "StreetID") VALUES (28, 'д 12', 54, 3);
INSERT INTO public."House" ("ID", "HouseName", "FlatsNumber", "StreetID") VALUES (29, 'д 53', 74, 3);
INSERT INTO public."House" ("ID", "HouseName", "FlatsNumber", "StreetID") VALUES (30, 'д 32', 79, 3);

--г Черногорск ул Снежная
INSERT INTO public."House" ("ID", "HouseName", "FlatsNumber", "StreetID") VALUES (31, 'д 64', 3, 4);
INSERT INTO public."House" ("ID", "HouseName", "FlatsNumber", "StreetID") VALUES (32, 'д 45', 2, 4);
INSERT INTO public."House" ("ID", "HouseName", "FlatsNumber", "StreetID") VALUES (33, 'д 74', 64, 4);
INSERT INTO public."House" ("ID", "HouseName", "FlatsNumber", "StreetID") VALUES (34, 'д 34', 34, 4);
INSERT INTO public."House" ("ID", "HouseName", "FlatsNumber", "StreetID") VALUES (35, 'д 64', 2, 4);
INSERT INTO public."House" ("ID", "HouseName", "FlatsNumber", "StreetID") VALUES (36, 'д 34', 34, 4);
INSERT INTO public."House" ("ID", "HouseName", "FlatsNumber", "StreetID") VALUES (37, 'д 23', 74, 4);
INSERT INTO public."House" ("ID", "HouseName", "FlatsNumber", "StreetID") VALUES (38, 'д 75', 63, 4);
INSERT INTO public."House" ("ID", "HouseName", "FlatsNumber", "StreetID") VALUES (39, 'д 73', 32, 4);
INSERT INTO public."House" ("ID", "HouseName", "FlatsNumber", "StreetID") VALUES (40, 'д 86', 65, 4);

--г Черногорск ул Свердлова
INSERT INTO public."House" ("ID", "HouseName", "FlatsNumber", "StreetID") VALUES (41, 'д 32', 34, 5);
INSERT INTO public."House" ("ID", "HouseName", "FlatsNumber", "StreetID") VALUES (42, 'д 1', 44, 5);
INSERT INTO public."House" ("ID", "HouseName", "FlatsNumber", "StreetID") VALUES (43, 'д 5', 63, 5);
INSERT INTO public."House" ("ID", "HouseName", "FlatsNumber", "StreetID") VALUES (44, 'д 34', 32, 5);
INSERT INTO public."House" ("ID", "HouseName", "FlatsNumber", "StreetID") VALUES (45, 'д 76', 23, 5);
INSERT INTO public."House" ("ID", "HouseName", "FlatsNumber", "StreetID") VALUES (46, 'д 3', 12, 5);
INSERT INTO public."House" ("ID", "HouseName", "FlatsNumber", "StreetID") VALUES (47, 'д 7', 32, 5);
INSERT INTO public."House" ("ID", "HouseName", "FlatsNumber", "StreetID") VALUES (48, 'д 5', 3, 5);
INSERT INTO public."House" ("ID", "HouseName", "FlatsNumber", "StreetID") VALUES (49, 'д 9', 6, 5);
INSERT INTO public."House" ("ID", "HouseName", "FlatsNumber", "StreetID") VALUES (50, 'д 3', 9, 5);

--г Саяногорск ул Гоголя
INSERT INTO public."House" ("ID", "HouseName", "FlatsNumber", "StreetID") VALUES (51, 'д 2', 34, 6);
INSERT INTO public."House" ("ID", "HouseName", "FlatsNumber", "StreetID") VALUES (52, 'д 21', 44, 6);
INSERT INTO public."House" ("ID", "HouseName", "FlatsNumber", "StreetID") VALUES (53, 'д 53', 63, 6);
INSERT INTO public."House" ("ID", "HouseName", "FlatsNumber", "StreetID") VALUES (54, 'д 24', 2, 6);
INSERT INTO public."House" ("ID", "HouseName", "FlatsNumber", "StreetID") VALUES (55, 'д 6', 23, 6);
INSERT INTO public."House" ("ID", "HouseName", "FlatsNumber", "StreetID") VALUES (56, 'д 23', 12, 6);
INSERT INTO public."House" ("ID", "HouseName", "FlatsNumber", "StreetID") VALUES (57, 'д 71', 2, 6);
INSERT INTO public."House" ("ID", "HouseName", "FlatsNumber", "StreetID") VALUES (58, 'д 54', 3, 6);
INSERT INTO public."House" ("ID", "HouseName", "FlatsNumber", "StreetID") VALUES (59, 'д 92', 6, 6);
INSERT INTO public."House" ("ID", "HouseName", "FlatsNumber", "StreetID") VALUES (60, 'д 35', 9, 6);

--г Саяногорск ул Транспортная
INSERT INTO public."House" ("ID", "HouseName", "FlatsNumber", "StreetID") VALUES (61, 'д 32', 34, 7);
INSERT INTO public."House" ("ID", "HouseName", "FlatsNumber", "StreetID") VALUES (62, 'д 1', 44, 7);
INSERT INTO public."House" ("ID", "HouseName", "FlatsNumber", "StreetID") VALUES (63, 'д 5', 63, 7);
INSERT INTO public."House" ("ID", "HouseName", "FlatsNumber", "StreetID") VALUES (64, 'д 34', 32, 7);
INSERT INTO public."House" ("ID", "HouseName", "FlatsNumber", "StreetID") VALUES (65, 'д 76', 23, 7);
INSERT INTO public."House" ("ID", "HouseName", "FlatsNumber", "StreetID") VALUES (66, 'д 3', 12, 7);
INSERT INTO public."House" ("ID", "HouseName", "FlatsNumber", "StreetID") VALUES (67, 'д 7', 32, 7);
INSERT INTO public."House" ("ID", "HouseName", "FlatsNumber", "StreetID") VALUES (68, 'д 5', 3, 7);
INSERT INTO public."House" ("ID", "HouseName", "FlatsNumber", "StreetID") VALUES (69, 'д 9', 6, 7);
INSERT INTO public."House" ("ID", "HouseName", "FlatsNumber", "StreetID") VALUES (70, 'д 3', 9, 7);

--г Саяногорск ул Спасская
INSERT INTO public."House" ("ID", "HouseName", "FlatsNumber", "StreetID") VALUES (71, 'д 32', 34, 8);
INSERT INTO public."House" ("ID", "HouseName", "FlatsNumber", "StreetID") VALUES (72, 'д 1', 44, 8);
INSERT INTO public."House" ("ID", "HouseName", "FlatsNumber", "StreetID") VALUES (73, 'д 5', 63, 8);
INSERT INTO public."House" ("ID", "HouseName", "FlatsNumber", "StreetID") VALUES (74, 'д 34', 32, 8);
INSERT INTO public."House" ("ID", "HouseName", "FlatsNumber", "StreetID") VALUES (75, 'д 76', 23, 8);
INSERT INTO public."House" ("ID", "HouseName", "FlatsNumber", "StreetID") VALUES (76, 'д 3', 12, 8);
INSERT INTO public."House" ("ID", "HouseName", "FlatsNumber", "StreetID") VALUES (77, 'д 7', 32, 8);
INSERT INTO public."House" ("ID", "HouseName", "FlatsNumber", "StreetID") VALUES (78, 'д 5', 3, 8);
INSERT INTO public."House" ("ID", "HouseName", "FlatsNumber", "StreetID") VALUES (79, 'д 9', 6, 8);
INSERT INTO public."House" ("ID", "HouseName", "FlatsNumber", "StreetID") VALUES (80, 'д 3', 9, 8);

--г Саяногорск Степной пер
INSERT INTO public."House" ("ID", "HouseName", "FlatsNumber", "StreetID") VALUES (81, 'д 32', 34, 9);
INSERT INTO public."House" ("ID", "HouseName", "FlatsNumber", "StreetID") VALUES (82, 'д 1', 44, 9);
INSERT INTO public."House" ("ID", "HouseName", "FlatsNumber", "StreetID") VALUES (83, 'д 5', 63, 9);
INSERT INTO public."House" ("ID", "HouseName", "FlatsNumber", "StreetID") VALUES (84, 'д 34', 32, 9);
INSERT INTO public."House" ("ID", "HouseName", "FlatsNumber", "StreetID") VALUES (85, 'д 76', 23, 9);
INSERT INTO public."House" ("ID", "HouseName", "FlatsNumber", "StreetID") VALUES (86, 'д 3', 12, 9);
INSERT INTO public."House" ("ID", "HouseName", "FlatsNumber", "StreetID") VALUES (87, 'д 7', 32, 9);
INSERT INTO public."House" ("ID", "HouseName", "FlatsNumber", "StreetID") VALUES (88, 'д 5', 3, 9);
INSERT INTO public."House" ("ID", "HouseName", "FlatsNumber", "StreetID") VALUES (89, 'д 9', 6, 9);
INSERT INTO public."House" ("ID", "HouseName", "FlatsNumber", "StreetID") VALUES (90, 'д 3', 9, 9);

--г Саяногорск ул Фруктовая
INSERT INTO public."House" ("ID", "HouseName", "FlatsNumber", "StreetID") VALUES (91, 'д 32', 34, 10);
INSERT INTO public."House" ("ID", "HouseName", "FlatsNumber", "StreetID") VALUES (92, 'д 1', 44, 10);
INSERT INTO public."House" ("ID", "HouseName", "FlatsNumber", "StreetID") VALUES (93, 'д 5', 63, 10);
INSERT INTO public."House" ("ID", "HouseName", "FlatsNumber", "StreetID") VALUES (94, 'д 34', 32, 10);
INSERT INTO public."House" ("ID", "HouseName", "FlatsNumber", "StreetID") VALUES (95, 'д 76', 23, 10);
INSERT INTO public."House" ("ID", "HouseName", "FlatsNumber", "StreetID") VALUES (96, 'д 3', 12, 10);
INSERT INTO public."House" ("ID", "HouseName", "FlatsNumber", "StreetID") VALUES (97, 'д 7', 32, 10);
INSERT INTO public."House" ("ID", "HouseName", "FlatsNumber", "StreetID") VALUES (98, 'д 5', 3, 10);
INSERT INTO public."House" ("ID", "HouseName", "FlatsNumber", "StreetID") VALUES (99, 'д 9', 6, 10);
INSERT INTO public."House" ("ID", "HouseName", "FlatsNumber", "StreetID") VALUES (100, 'д 3', 9, 10);

--п Расцвет ул Фестивальная
INSERT INTO public."House" ("ID", "HouseName", "FlatsNumber", "StreetID") VALUES (101, 'д 2', 34, 11);
INSERT INTO public."House" ("ID", "HouseName", "FlatsNumber", "StreetID") VALUES (102, 'д 21', 44, 11);
INSERT INTO public."House" ("ID", "HouseName", "FlatsNumber", "StreetID") VALUES (103, 'д 53', 63, 11);
INSERT INTO public."House" ("ID", "HouseName", "FlatsNumber", "StreetID") VALUES (104, 'д 24', 2, 11);
INSERT INTO public."House" ("ID", "HouseName", "FlatsNumber", "StreetID") VALUES (105, 'д 6', 23, 11);
INSERT INTO public."House" ("ID", "HouseName", "FlatsNumber", "StreetID") VALUES (106, 'д 23', 12, 11);
INSERT INTO public."House" ("ID", "HouseName", "FlatsNumber", "StreetID") VALUES (107, 'д 71', 2, 11);
INSERT INTO public."House" ("ID", "HouseName", "FlatsNumber", "StreetID") VALUES (108, 'д 54', 3, 11);
INSERT INTO public."House" ("ID", "HouseName", "FlatsNumber", "StreetID") VALUES (109, 'д 92', 6, 11);
INSERT INTO public."House" ("ID", "HouseName", "FlatsNumber", "StreetID") VALUES (110, 'д 35', 9, 11);

--п Расцвет ул Школьная
INSERT INTO public."House" ("ID", "HouseName", "FlatsNumber", "StreetID") VALUES (111, 'д 32', 34, 12);
INSERT INTO public."House" ("ID", "HouseName", "FlatsNumber", "StreetID") VALUES (112, 'д 1', 44, 12);
INSERT INTO public."House" ("ID", "HouseName", "FlatsNumber", "StreetID") VALUES (113, 'д 5', 63, 12);
INSERT INTO public."House" ("ID", "HouseName", "FlatsNumber", "StreetID") VALUES (114, 'д 34', 32, 12);
INSERT INTO public."House" ("ID", "HouseName", "FlatsNumber", "StreetID") VALUES (115, 'д 76', 23, 12);
INSERT INTO public."House" ("ID", "HouseName", "FlatsNumber", "StreetID") VALUES (116, 'д 3', 12, 12);
INSERT INTO public."House" ("ID", "HouseName", "FlatsNumber", "StreetID") VALUES (117, 'д 7', 32, 12);
INSERT INTO public."House" ("ID", "HouseName", "FlatsNumber", "StreetID") VALUES (118, 'д 5', 3, 12);
INSERT INTO public."House" ("ID", "HouseName", "FlatsNumber", "StreetID") VALUES (119, 'д 9', 6, 12);
INSERT INTO public."House" ("ID", "HouseName", "FlatsNumber", "StreetID") VALUES (120, 'д 3', 9, 12);

--п Расцвет 1-й Школьный пер
INSERT INTO public."House" ("ID", "HouseName", "FlatsNumber", "StreetID") VALUES (121, 'д 32', 34, 13);
INSERT INTO public."House" ("ID", "HouseName", "FlatsNumber", "StreetID") VALUES (122, 'д 1', 44, 13);
INSERT INTO public."House" ("ID", "HouseName", "FlatsNumber", "StreetID") VALUES (123, 'д 5', 63, 13);
INSERT INTO public."House" ("ID", "HouseName", "FlatsNumber", "StreetID") VALUES (124, 'д 34', 32, 13);
INSERT INTO public."House" ("ID", "HouseName", "FlatsNumber", "StreetID") VALUES (125, 'д 76', 23, 13);
INSERT INTO public."House" ("ID", "HouseName", "FlatsNumber", "StreetID") VALUES (126, 'д 3', 12, 13);
INSERT INTO public."House" ("ID", "HouseName", "FlatsNumber", "StreetID") VALUES (127, 'д 7', 32, 13);
INSERT INTO public."House" ("ID", "HouseName", "FlatsNumber", "StreetID") VALUES (128, 'д 5', 3, 13);
INSERT INTO public."House" ("ID", "HouseName", "FlatsNumber", "StreetID") VALUES (129, 'д 9', 6, 13);
INSERT INTO public."House" ("ID", "HouseName", "FlatsNumber", "StreetID") VALUES (130, 'д 3', 9, 13);

--п Расцвет ул Успешная
INSERT INTO public."House" ("ID", "HouseName", "FlatsNumber", "StreetID") VALUES (131, 'д 32', 34, 14);
INSERT INTO public."House" ("ID", "HouseName", "FlatsNumber", "StreetID") VALUES (132, 'д 1', 44, 14);
INSERT INTO public."House" ("ID", "HouseName", "FlatsNumber", "StreetID") VALUES (133, 'д 5', 63, 14);
INSERT INTO public."House" ("ID", "HouseName", "FlatsNumber", "StreetID") VALUES (134, 'д 34', 32, 14);
INSERT INTO public."House" ("ID", "HouseName", "FlatsNumber", "StreetID") VALUES (135, 'д 76', 23, 14);
INSERT INTO public."House" ("ID", "HouseName", "FlatsNumber", "StreetID") VALUES (136, 'д 3', 12, 14);
INSERT INTO public."House" ("ID", "HouseName", "FlatsNumber", "StreetID") VALUES (137, 'д 7', 32, 14);
INSERT INTO public."House" ("ID", "HouseName", "FlatsNumber", "StreetID") VALUES (138, 'д 5', 3, 14);
INSERT INTO public."House" ("ID", "HouseName", "FlatsNumber", "StreetID") VALUES (139, 'д 9', 6, 14);
INSERT INTO public."House" ("ID", "HouseName", "FlatsNumber", "StreetID") VALUES (140, 'д 3', 9, 14);

--п Расцвет Княжий пер
INSERT INTO public."House" ("ID", "HouseName", "FlatsNumber", "StreetID") VALUES (141, 'д 32', 34, 15);
INSERT INTO public."House" ("ID", "HouseName", "FlatsNumber", "StreetID") VALUES (142, 'д 1', 44, 15);
INSERT INTO public."House" ("ID", "HouseName", "FlatsNumber", "StreetID") VALUES (143, 'д 5', 63, 15);
INSERT INTO public."House" ("ID", "HouseName", "FlatsNumber", "StreetID") VALUES (144, 'д 34', 32, 15);
INSERT INTO public."House" ("ID", "HouseName", "FlatsNumber", "StreetID") VALUES (145, 'д 76', 23, 15);
INSERT INTO public."House" ("ID", "HouseName", "FlatsNumber", "StreetID") VALUES (146, 'д 3', 12, 15);
INSERT INTO public."House" ("ID", "HouseName", "FlatsNumber", "StreetID") VALUES (147, 'д 7', 32, 15);
INSERT INTO public."House" ("ID", "HouseName", "FlatsNumber", "StreetID") VALUES (148, 'д 5', 3, 15);
INSERT INTO public."House" ("ID", "HouseName", "FlatsNumber", "StreetID") VALUES (149, 'д 9', 6, 15);
INSERT INTO public."House" ("ID", "HouseName", "FlatsNumber", "StreetID") VALUES (150, 'д 3', 9, 15);

--рп Усть-Абакан Ивано-Антоновский пер
INSERT INTO public."House" ("ID", "HouseName", "FlatsNumber", "StreetID") VALUES (151, 'д 2', 34, 16);
INSERT INTO public."House" ("ID", "HouseName", "FlatsNumber", "StreetID") VALUES (152, 'д 21', 44, 16);
INSERT INTO public."House" ("ID", "HouseName", "FlatsNumber", "StreetID") VALUES (153, 'д 53', 63, 16);
INSERT INTO public."House" ("ID", "HouseName", "FlatsNumber", "StreetID") VALUES (154, 'д 24', 2, 16);
INSERT INTO public."House" ("ID", "HouseName", "FlatsNumber", "StreetID") VALUES (155, 'д 6', 23, 16);
INSERT INTO public."House" ("ID", "HouseName", "FlatsNumber", "StreetID") VALUES (156, 'д 23', 12, 16);
INSERT INTO public."House" ("ID", "HouseName", "FlatsNumber", "StreetID") VALUES (157, 'д 71', 2, 16);
INSERT INTO public."House" ("ID", "HouseName", "FlatsNumber", "StreetID") VALUES (158, 'д 54', 3, 16);
INSERT INTO public."House" ("ID", "HouseName", "FlatsNumber", "StreetID") VALUES (159, 'д 92', 6, 16);
INSERT INTO public."House" ("ID", "HouseName", "FlatsNumber", "StreetID") VALUES (160, 'д 35', 9, 16);

--рп Усть-Абакан ул Ковровая
INSERT INTO public."House" ("ID", "HouseName", "FlatsNumber", "StreetID") VALUES (161, 'д 32', 34, 17);
INSERT INTO public."House" ("ID", "HouseName", "FlatsNumber", "StreetID") VALUES (162, 'д 1', 44, 17);
INSERT INTO public."House" ("ID", "HouseName", "FlatsNumber", "StreetID") VALUES (163, 'д 5', 63, 17);
INSERT INTO public."House" ("ID", "HouseName", "FlatsNumber", "StreetID") VALUES (164, 'д 34', 32, 17);
INSERT INTO public."House" ("ID", "HouseName", "FlatsNumber", "StreetID") VALUES (165, 'д 76', 23, 17);
INSERT INTO public."House" ("ID", "HouseName", "FlatsNumber", "StreetID") VALUES (166, 'д 3', 12, 17);
INSERT INTO public."House" ("ID", "HouseName", "FlatsNumber", "StreetID") VALUES (167, 'д 7', 32, 17);
INSERT INTO public."House" ("ID", "HouseName", "FlatsNumber", "StreetID") VALUES (168, 'д 5', 3, 17);
INSERT INTO public."House" ("ID", "HouseName", "FlatsNumber", "StreetID") VALUES (169, 'д 9', 6, 17);
INSERT INTO public."House" ("ID", "HouseName", "FlatsNumber", "StreetID") VALUES (170, 'д 3', 9, 17);

--рп Усть-Абакан ул Малиновая
INSERT INTO public."House" ("ID", "HouseName", "FlatsNumber", "StreetID") VALUES (171, 'д 32', 34, 18);
INSERT INTO public."House" ("ID", "HouseName", "FlatsNumber", "StreetID") VALUES (172, 'д 1', 44, 18);
INSERT INTO public."House" ("ID", "HouseName", "FlatsNumber", "StreetID") VALUES (173, 'д 5', 63, 18);
INSERT INTO public."House" ("ID", "HouseName", "FlatsNumber", "StreetID") VALUES (174, 'д 34', 32, 18);
INSERT INTO public."House" ("ID", "HouseName", "FlatsNumber", "StreetID") VALUES (175, 'д 76', 23, 18);
INSERT INTO public."House" ("ID", "HouseName", "FlatsNumber", "StreetID") VALUES (176, 'д 3', 12, 18);
INSERT INTO public."House" ("ID", "HouseName", "FlatsNumber", "StreetID") VALUES (177, 'д 7', 32, 18);
INSERT INTO public."House" ("ID", "HouseName", "FlatsNumber", "StreetID") VALUES (178, 'д 5', 3, 18);
INSERT INTO public."House" ("ID", "HouseName", "FlatsNumber", "StreetID") VALUES (179, 'д 9', 6, 18);
INSERT INTO public."House" ("ID", "HouseName", "FlatsNumber", "StreetID") VALUES (180, 'д 3', 9, 18);

--рп Усть-Абакан ул Минусинская
INSERT INTO public."House" ("ID", "HouseName", "FlatsNumber", "StreetID") VALUES (181, 'д 32', 34, 19);
INSERT INTO public."House" ("ID", "HouseName", "FlatsNumber", "StreetID") VALUES (182, 'д 1', 44, 19);
INSERT INTO public."House" ("ID", "HouseName", "FlatsNumber", "StreetID") VALUES (183, 'д 5', 63, 19);
INSERT INTO public."House" ("ID", "HouseName", "FlatsNumber", "StreetID") VALUES (184, 'д 34', 32, 19);
INSERT INTO public."House" ("ID", "HouseName", "FlatsNumber", "StreetID") VALUES (185, 'д 76', 23, 19);
INSERT INTO public."House" ("ID", "HouseName", "FlatsNumber", "StreetID") VALUES (186, 'д 3', 12, 19);
INSERT INTO public."House" ("ID", "HouseName", "FlatsNumber", "StreetID") VALUES (187, 'д 7', 32, 19);
INSERT INTO public."House" ("ID", "HouseName", "FlatsNumber", "StreetID") VALUES (188, 'д 5', 3, 19);
INSERT INTO public."House" ("ID", "HouseName", "FlatsNumber", "StreetID") VALUES (189, 'д 9', 6, 19);
INSERT INTO public."House" ("ID", "HouseName", "FlatsNumber", "StreetID") VALUES (190, 'д 3', 9, 19);

--рп Усть-Абакан снт СТ Родничок улица Новая
INSERT INTO public."House" ("ID", "HouseName", "FlatsNumber", "StreetID") VALUES (191, 'д 32', 34, 20);
INSERT INTO public."House" ("ID", "HouseName", "FlatsNumber", "StreetID") VALUES (192, 'д 1', 44, 20);
INSERT INTO public."House" ("ID", "HouseName", "FlatsNumber", "StreetID") VALUES (193, 'д 5', 63, 20);
INSERT INTO public."House" ("ID", "HouseName", "FlatsNumber", "StreetID") VALUES (194, 'д 34', 32, 20);
INSERT INTO public."House" ("ID", "HouseName", "FlatsNumber", "StreetID") VALUES (195, 'д 76', 23, 20);
INSERT INTO public."House" ("ID", "HouseName", "FlatsNumber", "StreetID") VALUES (196, 'д 3', 12, 20);
INSERT INTO public."House" ("ID", "HouseName", "FlatsNumber", "StreetID") VALUES (197, 'д 7', 32, 20);
INSERT INTO public."House" ("ID", "HouseName", "FlatsNumber", "StreetID") VALUES (198, 'д 5', 3, 20);
INSERT INTO public."House" ("ID", "HouseName", "FlatsNumber", "StreetID") VALUES (199, 'д 9', 6, 20);
INSERT INTO public."House" ("ID", "HouseName", "FlatsNumber", "StreetID") VALUES (200, 'д 3', 9, 20);

--г Черногорск, рп Пригорск ул Биджинская
INSERT INTO public."House" ("ID", "HouseName", "FlatsNumber", "StreetID") VALUES (201, 'д 2', 34, 21);
INSERT INTO public."House" ("ID", "HouseName", "FlatsNumber", "StreetID") VALUES (202, 'д 21', 44, 21);
INSERT INTO public."House" ("ID", "HouseName", "FlatsNumber", "StreetID") VALUES (203, 'д 53', 63, 21);
INSERT INTO public."House" ("ID", "HouseName", "FlatsNumber", "StreetID") VALUES (204, 'д 24', 2, 21);
INSERT INTO public."House" ("ID", "HouseName", "FlatsNumber", "StreetID") VALUES (205, 'д 6', 23, 21);
INSERT INTO public."House" ("ID", "HouseName", "FlatsNumber", "StreetID") VALUES (206, 'д 23', 12, 21);
INSERT INTO public."House" ("ID", "HouseName", "FlatsNumber", "StreetID") VALUES (207, 'д 71', 2, 21);
INSERT INTO public."House" ("ID", "HouseName", "FlatsNumber", "StreetID") VALUES (208, 'д 54', 3, 21);
INSERT INTO public."House" ("ID", "HouseName", "FlatsNumber", "StreetID") VALUES (209, 'д 92', 6, 21);
INSERT INTO public."House" ("ID", "HouseName", "FlatsNumber", "StreetID") VALUES (210, 'д 35', 9, 21);

--г Черногорск, рп Пригорск ул Уссурийская
INSERT INTO public."House" ("ID", "HouseName", "FlatsNumber", "StreetID") VALUES (211, 'д 32', 34, 22);
INSERT INTO public."House" ("ID", "HouseName", "FlatsNumber", "StreetID") VALUES (212, 'д 1', 44, 22);
INSERT INTO public."House" ("ID", "HouseName", "FlatsNumber", "StreetID") VALUES (213, 'д 5', 63, 22);
INSERT INTO public."House" ("ID", "HouseName", "FlatsNumber", "StreetID") VALUES (214, 'д 34', 32, 22);
INSERT INTO public."House" ("ID", "HouseName", "FlatsNumber", "StreetID") VALUES (215, 'д 76', 23, 22);
INSERT INTO public."House" ("ID", "HouseName", "FlatsNumber", "StreetID") VALUES (216, 'д 3', 12, 22);
INSERT INTO public."House" ("ID", "HouseName", "FlatsNumber", "StreetID") VALUES (217, 'д 7', 32, 22);
INSERT INTO public."House" ("ID", "HouseName", "FlatsNumber", "StreetID") VALUES (218, 'д 5', 3, 22);
INSERT INTO public."House" ("ID", "HouseName", "FlatsNumber", "StreetID") VALUES (219, 'д 9', 6, 22);
INSERT INTO public."House" ("ID", "HouseName", "FlatsNumber", "StreetID") VALUES (220, 'д 3', 9, 22);

--г Черногорск, рп Пригорск ул Приморская
INSERT INTO public."House" ("ID", "HouseName", "FlatsNumber", "StreetID") VALUES (221, 'д 32', 34, 23);
INSERT INTO public."House" ("ID", "HouseName", "FlatsNumber", "StreetID") VALUES (222, 'д 1', 44, 23);
INSERT INTO public."House" ("ID", "HouseName", "FlatsNumber", "StreetID") VALUES (223, 'д 5', 63, 23);
INSERT INTO public."House" ("ID", "HouseName", "FlatsNumber", "StreetID") VALUES (224, 'д 34', 32, 23);
INSERT INTO public."House" ("ID", "HouseName", "FlatsNumber", "StreetID") VALUES (225, 'д 76', 23, 23);
INSERT INTO public."House" ("ID", "HouseName", "FlatsNumber", "StreetID") VALUES (226, 'д 3', 12, 23);
INSERT INTO public."House" ("ID", "HouseName", "FlatsNumber", "StreetID") VALUES (227, 'д 7', 32, 23);
INSERT INTO public."House" ("ID", "HouseName", "FlatsNumber", "StreetID") VALUES (228, 'д 5', 3, 23);
INSERT INTO public."House" ("ID", "HouseName", "FlatsNumber", "StreetID") VALUES (229, 'д 9', 6, 23);
INSERT INTO public."House" ("ID", "HouseName", "FlatsNumber", "StreetID") VALUES (230, 'д 3', 9, 23);

--г Черногорск, рп Пригорск ул Енисейская
INSERT INTO public."House" ("ID", "HouseName", "FlatsNumber", "StreetID") VALUES (231, 'д 32', 34, 24);
INSERT INTO public."House" ("ID", "HouseName", "FlatsNumber", "StreetID") VALUES (232, 'д 1', 44, 24);
INSERT INTO public."House" ("ID", "HouseName", "FlatsNumber", "StreetID") VALUES (233, 'д 5', 63, 24);
INSERT INTO public."House" ("ID", "HouseName", "FlatsNumber", "StreetID") VALUES (234, 'д 34', 32, 24);
INSERT INTO public."House" ("ID", "HouseName", "FlatsNumber", "StreetID") VALUES (235, 'д 76', 23, 24);
INSERT INTO public."House" ("ID", "HouseName", "FlatsNumber", "StreetID") VALUES (236, 'д 3', 12, 24);
INSERT INTO public."House" ("ID", "HouseName", "FlatsNumber", "StreetID") VALUES (237, 'д 7', 32, 24);
INSERT INTO public."House" ("ID", "HouseName", "FlatsNumber", "StreetID") VALUES (238, 'д 5', 3, 24);
INSERT INTO public."House" ("ID", "HouseName", "FlatsNumber", "StreetID") VALUES (239, 'д 9', 6, 24);
INSERT INTO public."House" ("ID", "HouseName", "FlatsNumber", "StreetID") VALUES (240, 'д 3', 9, 24);

--г Черногорск, рп Пригорск ул Зеленая
INSERT INTO public."House" ("ID", "HouseName", "FlatsNumber", "StreetID") VALUES (241, 'д 32', 34, 25);
INSERT INTO public."House" ("ID", "HouseName", "FlatsNumber", "StreetID") VALUES (242, 'д 1', 44, 25);
INSERT INTO public."House" ("ID", "HouseName", "FlatsNumber", "StreetID") VALUES (243, 'д 5', 63, 25);
INSERT INTO public."House" ("ID", "HouseName", "FlatsNumber", "StreetID") VALUES (244, 'д 34', 32, 25);
INSERT INTO public."House" ("ID", "HouseName", "FlatsNumber", "StreetID") VALUES (245, 'д 76', 23, 25);
INSERT INTO public."House" ("ID", "HouseName", "FlatsNumber", "StreetID") VALUES (246, 'д 3', 12, 25);
INSERT INTO public."House" ("ID", "HouseName", "FlatsNumber", "StreetID") VALUES (247, 'д 7', 32, 25);
INSERT INTO public."House" ("ID", "HouseName", "FlatsNumber", "StreetID") VALUES (248, 'д 5', 3, 25);
INSERT INTO public."House" ("ID", "HouseName", "FlatsNumber", "StreetID") VALUES (249, 'д 9', 6, 25);
INSERT INTO public."House" ("ID", "HouseName", "FlatsNumber", "StreetID") VALUES (250, 'д 3', 9, 25);

--д Кайбалы Степной пер
INSERT INTO public."House" ("ID", "HouseName", "FlatsNumber", "StreetID") VALUES (251, 'д 2', 34, 26);
INSERT INTO public."House" ("ID", "HouseName", "FlatsNumber", "StreetID") VALUES (252, 'д 21', 44, 26);
INSERT INTO public."House" ("ID", "HouseName", "FlatsNumber", "StreetID") VALUES (253, 'д 53', 63, 26);
INSERT INTO public."House" ("ID", "HouseName", "FlatsNumber", "StreetID") VALUES (254, 'д 24', 2, 26);
INSERT INTO public."House" ("ID", "HouseName", "FlatsNumber", "StreetID") VALUES (255, 'д 6', 23, 26);
INSERT INTO public."House" ("ID", "HouseName", "FlatsNumber", "StreetID") VALUES (256, 'д 23', 12, 26);
INSERT INTO public."House" ("ID", "HouseName", "FlatsNumber", "StreetID") VALUES (257, 'д 71', 2, 26);
INSERT INTO public."House" ("ID", "HouseName", "FlatsNumber", "StreetID") VALUES (258, 'д 54', 3, 26);
INSERT INTO public."House" ("ID", "HouseName", "FlatsNumber", "StreetID") VALUES (259, 'д 92', 6, 26);
INSERT INTO public."House" ("ID", "HouseName", "FlatsNumber", "StreetID") VALUES (260, 'д 35', 9, 26);

--д Кайбалы Охотный пер
INSERT INTO public."House" ("ID", "HouseName", "FlatsNumber", "StreetID") VALUES (261, 'д 32', 34, 27);
INSERT INTO public."House" ("ID", "HouseName", "FlatsNumber", "StreetID") VALUES (262, 'д 1', 44, 27);
INSERT INTO public."House" ("ID", "HouseName", "FlatsNumber", "StreetID") VALUES (263, 'д 5', 63, 27);
INSERT INTO public."House" ("ID", "HouseName", "FlatsNumber", "StreetID") VALUES (264, 'д 34', 32, 27);
INSERT INTO public."House" ("ID", "HouseName", "FlatsNumber", "StreetID") VALUES (265, 'д 76', 23, 27);
INSERT INTO public."House" ("ID", "HouseName", "FlatsNumber", "StreetID") VALUES (266, 'д 3', 12, 27);
INSERT INTO public."House" ("ID", "HouseName", "FlatsNumber", "StreetID") VALUES (267, 'д 7', 32, 27);
INSERT INTO public."House" ("ID", "HouseName", "FlatsNumber", "StreetID") VALUES (268, 'д 5', 3, 27);
INSERT INTO public."House" ("ID", "HouseName", "FlatsNumber", "StreetID") VALUES (269, 'д 9', 6, 27);
INSERT INTO public."House" ("ID", "HouseName", "FlatsNumber", "StreetID") VALUES (270, 'д 3', 9, 27);

--д Кайбалы ул Спасская
INSERT INTO public."House" ("ID", "HouseName", "FlatsNumber", "StreetID") VALUES (271, 'д 32', 34, 28);
INSERT INTO public."House" ("ID", "HouseName", "FlatsNumber", "StreetID") VALUES (272, 'д 1', 44, 28);
INSERT INTO public."House" ("ID", "HouseName", "FlatsNumber", "StreetID") VALUES (273, 'д 5', 63, 28);
INSERT INTO public."House" ("ID", "HouseName", "FlatsNumber", "StreetID") VALUES (274, 'д 34', 32, 28);
INSERT INTO public."House" ("ID", "HouseName", "FlatsNumber", "StreetID") VALUES (275, 'д 76', 23, 28);
INSERT INTO public."House" ("ID", "HouseName", "FlatsNumber", "StreetID") VALUES (276, 'д 3', 12, 28);
INSERT INTO public."House" ("ID", "HouseName", "FlatsNumber", "StreetID") VALUES (277, 'д 7', 32, 28);
INSERT INTO public."House" ("ID", "HouseName", "FlatsNumber", "StreetID") VALUES (278, 'д 5', 3, 28);
INSERT INTO public."House" ("ID", "HouseName", "FlatsNumber", "StreetID") VALUES (279, 'д 9', 6, 28);
INSERT INTO public."House" ("ID", "HouseName", "FlatsNumber", "StreetID") VALUES (280, 'д 3', 9, 28);

--д Кайбалы ул Казанская
INSERT INTO public."House" ("ID", "HouseName", "FlatsNumber", "StreetID") VALUES (281, 'д 32', 34, 29);
INSERT INTO public."House" ("ID", "HouseName", "FlatsNumber", "StreetID") VALUES (282, 'д 1', 44, 29);
INSERT INTO public."House" ("ID", "HouseName", "FlatsNumber", "StreetID") VALUES (283, 'д 5', 63, 29);
INSERT INTO public."House" ("ID", "HouseName", "FlatsNumber", "StreetID") VALUES (284, 'д 34', 32, 29);
INSERT INTO public."House" ("ID", "HouseName", "FlatsNumber", "StreetID") VALUES (285, 'д 76', 23, 29);
INSERT INTO public."House" ("ID", "HouseName", "FlatsNumber", "StreetID") VALUES (286, 'д 3', 12, 29);
INSERT INTO public."House" ("ID", "HouseName", "FlatsNumber", "StreetID") VALUES (287, 'д 7', 32, 29);
INSERT INTO public."House" ("ID", "HouseName", "FlatsNumber", "StreetID") VALUES (288, 'д 5', 3, 29);
INSERT INTO public."House" ("ID", "HouseName", "FlatsNumber", "StreetID") VALUES (289, 'д 9', 6, 29);
INSERT INTO public."House" ("ID", "HouseName", "FlatsNumber", "StreetID") VALUES (290, 'д 3', 9, 29);

--д Кайбалы ул Севастопольская
INSERT INTO public."House" ("ID", "HouseName", "FlatsNumber", "StreetID") VALUES (291, 'д 32', 34, 30);
INSERT INTO public."House" ("ID", "HouseName", "FlatsNumber", "StreetID") VALUES (292, 'д 1', 44, 30);
INSERT INTO public."House" ("ID", "HouseName", "FlatsNumber", "StreetID") VALUES (293, 'д 5', 63, 30);
INSERT INTO public."House" ("ID", "HouseName", "FlatsNumber", "StreetID") VALUES (294, 'д 34', 32, 30);
INSERT INTO public."House" ("ID", "HouseName", "FlatsNumber", "StreetID") VALUES (295, 'д 76', 23, 30);
INSERT INTO public."House" ("ID", "HouseName", "FlatsNumber", "StreetID") VALUES (296, 'д 3', 12, 30);
INSERT INTO public."House" ("ID", "HouseName", "FlatsNumber", "StreetID") VALUES (297, 'д 7', 32, 30);
INSERT INTO public."House" ("ID", "HouseName", "FlatsNumber", "StreetID") VALUES (298, 'д 5', 3, 30);
INSERT INTO public."House" ("ID", "HouseName", "FlatsNumber", "StreetID") VALUES (299, 'д 9', 6, 30);
INSERT INTO public."House" ("ID", "HouseName", "FlatsNumber", "StreetID") VALUES (300, 'д 3', 9, 30);


INSERT INTO public."Flat" ("ID", "FlatName", "HouseID") VALUES (1, 'кв 5', 1);
INSERT INTO public."Flat" ("ID", "FlatName", "HouseID") VALUES (2, 'кв 8', 2);
INSERT INTO public."Flat" ("ID", "FlatName", "HouseID") VALUES (3, 'кв 1', 3);
INSERT INTO public."Flat" ("ID", "FlatName", "HouseID") VALUES (4, 'кв 2', 4);
INSERT INTO public."Flat" ("ID", "FlatName", "HouseID") VALUES (5, 'кв 3', 5);
INSERT INTO public."Flat" ("ID", "FlatName", "HouseID") VALUES (6, 'кв 5', 6);
INSERT INTO public."Flat" ("ID", "FlatName", "HouseID") VALUES (7, 'кв 8', 7);
INSERT INTO public."Flat" ("ID", "FlatName", "HouseID") VALUES (8, 'кв 33', 8);
INSERT INTO public."Flat" ("ID", "FlatName", "HouseID") VALUES (9, 'кв 5', 9);
INSERT INTO public."Flat" ("ID", "FlatName", "HouseID") VALUES (10, 'кв 52', 10);
INSERT INTO public."Flat" ("ID", "FlatName", "HouseID") VALUES (11, 'кв 15', 11);
INSERT INTO public."Flat" ("ID", "FlatName", "HouseID") VALUES (12, 'кв 25', 12);
INSERT INTO public."Flat" ("ID", "FlatName", "HouseID") VALUES (13, 'кв 53', 13);
INSERT INTO public."Flat" ("ID", "FlatName", "HouseID") VALUES (14, 'кв 32', 14);
INSERT INTO public."Flat" ("ID", "FlatName", "HouseID") VALUES (15, 'кв 3', 15);
INSERT INTO public."Flat" ("ID", "FlatName", "HouseID") VALUES (16, 'кв 6', 16);
INSERT INTO public."Flat" ("ID", "FlatName", "HouseID") VALUES (17, 'кв 5', 17);
INSERT INTO public."Flat" ("ID", "FlatName", "HouseID") VALUES (18, 'кв 2', 18);
INSERT INTO public."Flat" ("ID", "FlatName", "HouseID") VALUES (19, 'кв 44', 19);
INSERT INTO public."Flat" ("ID", "FlatName", "HouseID") VALUES (20, 'кв 32', 20);
INSERT INTO public."Flat" ("ID", "FlatName", "HouseID") VALUES (21, 'кв 23', 21);
INSERT INTO public."Flat" ("ID", "FlatName", "HouseID") VALUES (22, 'кв 43', 22);
INSERT INTO public."Flat" ("ID", "FlatName", "HouseID") VALUES (23, 'кв 43', 23);
INSERT INTO public."Flat" ("ID", "FlatName", "HouseID") VALUES (24, 'кв 23', 24);
INSERT INTO public."Flat" ("ID", "FlatName", "HouseID") VALUES (25, 'кв 12', 25);
INSERT INTO public."Flat" ("ID", "FlatName", "HouseID") VALUES (26, 'кв 56', 26);
INSERT INTO public."Flat" ("ID", "FlatName", "HouseID") VALUES (27, 'кв 76', 27);
INSERT INTO public."Flat" ("ID", "FlatName", "HouseID") VALUES (28, 'кв 43', 28);
INSERT INTO public."Flat" ("ID", "FlatName", "HouseID") VALUES (29, 'кв 1', 29);
INSERT INTO public."Flat" ("ID", "FlatName", "HouseID") VALUES (30, 'кв 2', 30);
INSERT INTO public."Flat" ("ID", "FlatName", "HouseID") VALUES (31, 'кв 3', 31);
INSERT INTO public."Flat" ("ID", "FlatName", "HouseID") VALUES (32, 'кв 4', 32);
INSERT INTO public."Flat" ("ID", "FlatName", "HouseID") VALUES (33, 'кв 7', 33);
INSERT INTO public."Flat" ("ID", "FlatName", "HouseID") VALUES (34, 'кв 9', 34);
INSERT INTO public."Flat" ("ID", "FlatName", "HouseID") VALUES (35, 'кв 4', 35);
INSERT INTO public."Flat" ("ID", "FlatName", "HouseID") VALUES (36, 'кв 3', 36);
INSERT INTO public."Flat" ("ID", "FlatName", "HouseID") VALUES (37, 'кв 2', 37);
INSERT INTO public."Flat" ("ID", "FlatName", "HouseID") VALUES (38, 'кв 1', 38);
INSERT INTO public."Flat" ("ID", "FlatName", "HouseID") VALUES (39, 'кв 5', 39);
INSERT INTO public."Flat" ("ID", "FlatName", "HouseID") VALUES (40, 'кв 7', 40);
INSERT INTO public."Flat" ("ID", "FlatName", "HouseID") VALUES (41, 'кв 5', 41);
INSERT INTO public."Flat" ("ID", "FlatName", "HouseID") VALUES (42, 'кв 8', 42);
INSERT INTO public."Flat" ("ID", "FlatName", "HouseID") VALUES (43, 'кв 1', 43);
INSERT INTO public."Flat" ("ID", "FlatName", "HouseID") VALUES (44, 'кв 3', 44);
INSERT INTO public."Flat" ("ID", "FlatName", "HouseID") VALUES (45, 'кв 4', 45);
INSERT INTO public."Flat" ("ID", "FlatName", "HouseID") VALUES (46, 'кв 6', 46);
INSERT INTO public."Flat" ("ID", "FlatName", "HouseID") VALUES (47, 'кв 1', 47);
INSERT INTO public."Flat" ("ID", "FlatName", "HouseID") VALUES (48, 'кв 6', 48);
INSERT INTO public."Flat" ("ID", "FlatName", "HouseID") VALUES (49, 'кв 7', 49);
INSERT INTO public."Flat" ("ID", "FlatName", "HouseID") VALUES (50, 'кв 8', 50);
INSERT INTO public."Flat" ("ID", "FlatName", "HouseID") VALUES (51, 'кв 4', 51);
INSERT INTO public."Flat" ("ID", "FlatName", "HouseID") VALUES (52, 'кв 3', 52);
INSERT INTO public."Flat" ("ID", "FlatName", "HouseID") VALUES (53, 'кв 5', 53);
INSERT INTO public."Flat" ("ID", "FlatName", "HouseID") VALUES (54, 'кв 7', 54);
INSERT INTO public."Flat" ("ID", "FlatName", "HouseID") VALUES (55, 'кв 3', 55);
INSERT INTO public."Flat" ("ID", "FlatName", "HouseID") VALUES (56, 'кв 51', 56);
INSERT INTO public."Flat" ("ID", "FlatName", "HouseID") VALUES (57, 'кв 13', 57);
INSERT INTO public."Flat" ("ID", "FlatName", "HouseID") VALUES (58, 'кв 13', 58);
INSERT INTO public."Flat" ("ID", "FlatName", "HouseID") VALUES (59, 'кв 14', 59);
INSERT INTO public."Flat" ("ID", "FlatName", "HouseID") VALUES (60, 'кв 15', 60);
INSERT INTO public."Flat" ("ID", "FlatName", "HouseID") VALUES (61, 'кв 43', 61);
INSERT INTO public."Flat" ("ID", "FlatName", "HouseID") VALUES (62, 'кв 54', 62);
INSERT INTO public."Flat" ("ID", "FlatName", "HouseID") VALUES (63, 'кв 63', 63);
INSERT INTO public."Flat" ("ID", "FlatName", "HouseID") VALUES (64, 'кв 17', 64);
INSERT INTO public."Flat" ("ID", "FlatName", "HouseID") VALUES (65, 'кв 73', 65);
INSERT INTO public."Flat" ("ID", "FlatName", "HouseID") VALUES (66, 'кв 24', 66);
INSERT INTO public."Flat" ("ID", "FlatName", "HouseID") VALUES (67, 'кв 22', 67);
INSERT INTO public."Flat" ("ID", "FlatName", "HouseID") VALUES (68, 'кв 11', 68);
INSERT INTO public."Flat" ("ID", "FlatName", "HouseID") VALUES (69, 'кв 65', 69);
INSERT INTO public."Flat" ("ID", "FlatName", "HouseID") VALUES (70, 'кв 32', 70);
INSERT INTO public."Flat" ("ID", "FlatName", "HouseID") VALUES (71, 'кв 74', 71);
INSERT INTO public."Flat" ("ID", "FlatName", "HouseID") VALUES (72, 'кв 3', 72);
INSERT INTO public."Flat" ("ID", "FlatName", "HouseID") VALUES (73, 'кв 5', 73);
INSERT INTO public."Flat" ("ID", "FlatName", "HouseID") VALUES (74, 'кв 2', 74);
INSERT INTO public."Flat" ("ID", "FlatName", "HouseID") VALUES (75, 'кв 1', 75);
INSERT INTO public."Flat" ("ID", "FlatName", "HouseID") VALUES (76, 'кв 55', 76);
INSERT INTO public."Flat" ("ID", "FlatName", "HouseID") VALUES (77, 'кв 4', 77);
INSERT INTO public."Flat" ("ID", "FlatName", "HouseID") VALUES (78, 'кв 5', 78);
INSERT INTO public."Flat" ("ID", "FlatName", "HouseID") VALUES (79, 'кв 7', 79);
INSERT INTO public."Flat" ("ID", "FlatName", "HouseID") VALUES (80, 'кв 3', 80);
INSERT INTO public."Flat" ("ID", "FlatName", "HouseID") VALUES (81, 'кв 2', 81);
INSERT INTO public."Flat" ("ID", "FlatName", "HouseID") VALUES (82, 'кв 5', 82);
INSERT INTO public."Flat" ("ID", "FlatName", "HouseID") VALUES (83, 'кв 7', 83);
INSERT INTO public."Flat" ("ID", "FlatName", "HouseID") VALUES (84, 'кв 8', 84);
INSERT INTO public."Flat" ("ID", "FlatName", "HouseID") VALUES (85, 'кв 4', 85);
INSERT INTO public."Flat" ("ID", "FlatName", "HouseID") VALUES (86, 'кв 5', 86);
INSERT INTO public."Flat" ("ID", "FlatName", "HouseID") VALUES (87, 'кв 4', 87);
INSERT INTO public."Flat" ("ID", "FlatName", "HouseID") VALUES (88, 'кв 6', 88);
INSERT INTO public."Flat" ("ID", "FlatName", "HouseID") VALUES (89, 'кв 8', 89);
INSERT INTO public."Flat" ("ID", "FlatName", "HouseID") VALUES (90, 'кв 32', 90);
INSERT INTO public."Flat" ("ID", "FlatName", "HouseID") VALUES (91, 'кв 23', 91);
INSERT INTO public."Flat" ("ID", "FlatName", "HouseID") VALUES (92, 'кв 1', 92);
INSERT INTO public."Flat" ("ID", "FlatName", "HouseID") VALUES (93, 'кв 32', 93);
INSERT INTO public."Flat" ("ID", "FlatName", "HouseID") VALUES (94, 'кв 54', 94);
INSERT INTO public."Flat" ("ID", "FlatName", "HouseID") VALUES (95, 'кв 3', 95);
INSERT INTO public."Flat" ("ID", "FlatName", "HouseID") VALUES (96, 'кв 2', 96);
INSERT INTO public."Flat" ("ID", "FlatName", "HouseID") VALUES (97, 'кв 6', 97);
INSERT INTO public."Flat" ("ID", "FlatName", "HouseID") VALUES (98, 'кв 8', 98);
INSERT INTO public."Flat" ("ID", "FlatName", "HouseID") VALUES (99, 'кв 4', 99);
INSERT INTO public."Flat" ("ID", "FlatName", "HouseID") VALUES (100, 'кв 2', 100);
INSERT INTO public."Flat" ("ID", "FlatName", "HouseID") VALUES (101, 'кв 3', 101);
INSERT INTO public."Flat" ("ID", "FlatName", "HouseID") VALUES (102, 'кв 5', 102);
INSERT INTO public."Flat" ("ID", "FlatName", "HouseID") VALUES (103, 'кв 7', 103);
INSERT INTO public."Flat" ("ID", "FlatName", "HouseID") VALUES (104, 'кв 8', 104);
INSERT INTO public."Flat" ("ID", "FlatName", "HouseID") VALUES (105, 'кв 4', 105);
INSERT INTO public."Flat" ("ID", "FlatName", "HouseID") VALUES (106, 'кв 3', 106);
INSERT INTO public."Flat" ("ID", "FlatName", "HouseID") VALUES (107, 'кв 7', 107);
INSERT INTO public."Flat" ("ID", "FlatName", "HouseID") VALUES (108, 'кв 34', 108);
INSERT INTO public."Flat" ("ID", "FlatName", "HouseID") VALUES (109, 'кв 34', 109);
INSERT INTO public."Flat" ("ID", "FlatName", "HouseID") VALUES (110, 'кв 23', 110);
INSERT INTO public."Flat" ("ID", "FlatName", "HouseID") VALUES (111, 'кв 32', 111);
INSERT INTO public."Flat" ("ID", "FlatName", "HouseID") VALUES (112, 'кв 65', 112);
INSERT INTO public."Flat" ("ID", "FlatName", "HouseID") VALUES (113, 'кв 75', 113);
INSERT INTO public."Flat" ("ID", "FlatName", "HouseID") VALUES (114, 'кв 1', 114);
INSERT INTO public."Flat" ("ID", "FlatName", "HouseID") VALUES (115, 'кв 2', 115);
INSERT INTO public."Flat" ("ID", "FlatName", "HouseID") VALUES (116, 'кв 3', 116);
INSERT INTO public."Flat" ("ID", "FlatName", "HouseID") VALUES (117, 'кв 4', 117);
INSERT INTO public."Flat" ("ID", "FlatName", "HouseID") VALUES (118, 'кв 3', 118);
INSERT INTO public."Flat" ("ID", "FlatName", "HouseID") VALUES (119, 'кв 4', 119);
INSERT INTO public."Flat" ("ID", "FlatName", "HouseID") VALUES (120, 'кв 6', 120);
INSERT INTO public."Flat" ("ID", "FlatName", "HouseID") VALUES (121, 'кв 5', 121);
INSERT INTO public."Flat" ("ID", "FlatName", "HouseID") VALUES (122, 'кв 3', 122);
INSERT INTO public."Flat" ("ID", "FlatName", "HouseID") VALUES (123, 'кв 2', 123);
INSERT INTO public."Flat" ("ID", "FlatName", "HouseID") VALUES (124, 'кв 1', 124);
INSERT INTO public."Flat" ("ID", "FlatName", "HouseID") VALUES (125, 'кв 4', 125);
INSERT INTO public."Flat" ("ID", "FlatName", "HouseID") VALUES (126, 'кв 7', 126);
INSERT INTO public."Flat" ("ID", "FlatName", "HouseID") VALUES (127, 'кв 8', 127);
INSERT INTO public."Flat" ("ID", "FlatName", "HouseID") VALUES (128, 'кв 4', 128);
INSERT INTO public."Flat" ("ID", "FlatName", "HouseID") VALUES (129, 'кв 3', 129);
INSERT INTO public."Flat" ("ID", "FlatName", "HouseID") VALUES (130, 'кв 2', 130);
INSERT INTO public."Flat" ("ID", "FlatName", "HouseID") VALUES (131, 'кв 1', 131);
INSERT INTO public."Flat" ("ID", "FlatName", "HouseID") VALUES (132, 'кв 2', 132);
INSERT INTO public."Flat" ("ID", "FlatName", "HouseID") VALUES (133, 'кв 4', 133);
INSERT INTO public."Flat" ("ID", "FlatName", "HouseID") VALUES (134, 'кв 75', 134);
INSERT INTO public."Flat" ("ID", "FlatName", "HouseID") VALUES (135, 'кв 23', 135);
INSERT INTO public."Flat" ("ID", "FlatName", "HouseID") VALUES (136, 'кв 23', 136);
INSERT INTO public."Flat" ("ID", "FlatName", "HouseID") VALUES (137, 'кв 12', 137);
INSERT INTO public."Flat" ("ID", "FlatName", "HouseID") VALUES (138, 'кв 23', 138);
INSERT INTO public."Flat" ("ID", "FlatName", "HouseID") VALUES (139, 'кв 4', 139);
INSERT INTO public."Flat" ("ID", "FlatName", "HouseID") VALUES (140, 'кв 6', 140);
INSERT INTO public."Flat" ("ID", "FlatName", "HouseID") VALUES (141, 'кв 4', 141);
INSERT INTO public."Flat" ("ID", "FlatName", "HouseID") VALUES (142, 'кв 7', 142);
INSERT INTO public."Flat" ("ID", "FlatName", "HouseID") VALUES (143, 'кв 5', 143);
INSERT INTO public."Flat" ("ID", "FlatName", "HouseID") VALUES (144, 'кв 4', 144);
INSERT INTO public."Flat" ("ID", "FlatName", "HouseID") VALUES (145, 'кв 8', 145);
INSERT INTO public."Flat" ("ID", "FlatName", "HouseID") VALUES (146, 'кв 9', 146);
INSERT INTO public."Flat" ("ID", "FlatName", "HouseID") VALUES (147, 'кв 4', 147);
INSERT INTO public."Flat" ("ID", "FlatName", "HouseID") VALUES (148, 'кв 3', 148);
INSERT INTO public."Flat" ("ID", "FlatName", "HouseID") VALUES (149, 'кв 23', 149);
INSERT INTO public."Flat" ("ID", "FlatName", "HouseID") VALUES (150, 'кв 23', 150);
INSERT INTO public."Flat" ("ID", "FlatName", "HouseID") VALUES (151, 'кв 1', 151);
INSERT INTO public."Flat" ("ID", "FlatName", "HouseID") VALUES (152, 'кв 4', 152);
INSERT INTO public."Flat" ("ID", "FlatName", "HouseID") VALUES (153, 'кв 5', 153);
INSERT INTO public."Flat" ("ID", "FlatName", "HouseID") VALUES (154, 'кв 6', 154);
INSERT INTO public."Flat" ("ID", "FlatName", "HouseID") VALUES (155, 'кв 4', 155);
INSERT INTO public."Flat" ("ID", "FlatName", "HouseID") VALUES (156, 'кв 3', 156);
INSERT INTO public."Flat" ("ID", "FlatName", "HouseID") VALUES (157, 'кв 3', 157);
INSERT INTO public."Flat" ("ID", "FlatName", "HouseID") VALUES (158, 'кв 5', 158);
INSERT INTO public."Flat" ("ID", "FlatName", "HouseID") VALUES (159, 'кв 63', 159);
INSERT INTO public."Flat" ("ID", "FlatName", "HouseID") VALUES (160, 'кв 43', 160);
INSERT INTO public."Flat" ("ID", "FlatName", "HouseID") VALUES (161, 'кв 34', 161);
INSERT INTO public."Flat" ("ID", "FlatName", "HouseID") VALUES (162, 'кв 21', 162);
INSERT INTO public."Flat" ("ID", "FlatName", "HouseID") VALUES (163, 'кв 32', 163);
INSERT INTO public."Flat" ("ID", "FlatName", "HouseID") VALUES (164, 'кв 4', 164);
INSERT INTO public."Flat" ("ID", "FlatName", "HouseID") VALUES (165, 'кв 5', 165);
INSERT INTO public."Flat" ("ID", "FlatName", "HouseID") VALUES (166, 'кв 65', 166);
INSERT INTO public."Flat" ("ID", "FlatName", "HouseID") VALUES (167, 'кв 5', 167);
INSERT INTO public."Flat" ("ID", "FlatName", "HouseID") VALUES (168, 'кв 4', 168);
INSERT INTO public."Flat" ("ID", "FlatName", "HouseID") VALUES (169, 'кв 3', 169);
INSERT INTO public."Flat" ("ID", "FlatName", "HouseID") VALUES (170, 'кв 2', 170);
INSERT INTO public."Flat" ("ID", "FlatName", "HouseID") VALUES (171, 'кв 6', 171);
INSERT INTO public."Flat" ("ID", "FlatName", "HouseID") VALUES (172, 'кв 7', 172);
INSERT INTO public."Flat" ("ID", "FlatName", "HouseID") VALUES (173, 'кв 6', 173);
INSERT INTO public."Flat" ("ID", "FlatName", "HouseID") VALUES (174, 'кв 7', 174);
INSERT INTO public."Flat" ("ID", "FlatName", "HouseID") VALUES (175, 'кв 4', 175);
INSERT INTO public."Flat" ("ID", "FlatName", "HouseID") VALUES (176, 'кв 5', 176);
INSERT INTO public."Flat" ("ID", "FlatName", "HouseID") VALUES (177, 'кв 6', 177);
INSERT INTO public."Flat" ("ID", "FlatName", "HouseID") VALUES (178, 'кв 7', 178);
INSERT INTO public."Flat" ("ID", "FlatName", "HouseID") VALUES (179, 'кв 8', 179);
INSERT INTO public."Flat" ("ID", "FlatName", "HouseID") VALUES (180, 'кв 9', 180);
INSERT INTO public."Flat" ("ID", "FlatName", "HouseID") VALUES (181, 'кв 4', 181);
INSERT INTO public."Flat" ("ID", "FlatName", "HouseID") VALUES (182, 'кв 3', 182);
INSERT INTO public."Flat" ("ID", "FlatName", "HouseID") VALUES (183, 'кв 2', 183);
INSERT INTO public."Flat" ("ID", "FlatName", "HouseID") VALUES (184, 'кв 6', 184);
INSERT INTO public."Flat" ("ID", "FlatName", "HouseID") VALUES (185, 'кв 7', 185);
INSERT INTO public."Flat" ("ID", "FlatName", "HouseID") VALUES (186, 'кв 8', 186);
INSERT INTO public."Flat" ("ID", "FlatName", "HouseID") VALUES (187, 'кв 9', 187);
INSERT INTO public."Flat" ("ID", "FlatName", "HouseID") VALUES (188, 'кв 5', 188);
INSERT INTO public."Flat" ("ID", "FlatName", "HouseID") VALUES (189, 'кв 43', 189);
INSERT INTO public."Flat" ("ID", "FlatName", "HouseID") VALUES (190, 'кв 23', 190);
INSERT INTO public."Flat" ("ID", "FlatName", "HouseID") VALUES (191, 'кв 34', 191);
INSERT INTO public."Flat" ("ID", "FlatName", "HouseID") VALUES (192, 'кв 32', 192);
INSERT INTO public."Flat" ("ID", "FlatName", "HouseID") VALUES (193, 'кв 14', 193);
INSERT INTO public."Flat" ("ID", "FlatName", "HouseID") VALUES (194, 'кв 52', 194);
INSERT INTO public."Flat" ("ID", "FlatName", "HouseID") VALUES (195, 'кв 12', 195);
INSERT INTO public."Flat" ("ID", "FlatName", "HouseID") VALUES (196, 'кв 17', 196);
INSERT INTO public."Flat" ("ID", "FlatName", "HouseID") VALUES (197, 'кв 18', 197);
INSERT INTO public."Flat" ("ID", "FlatName", "HouseID") VALUES (198, 'кв 2', 198);
INSERT INTO public."Flat" ("ID", "FlatName", "HouseID") VALUES (199, 'кв 4', 199);
INSERT INTO public."Flat" ("ID", "FlatName", "HouseID") VALUES (200, 'кв 6', 200);
INSERT INTO public."Flat" ("ID", "FlatName", "HouseID") VALUES (201, 'кв 7', 201);
INSERT INTO public."Flat" ("ID", "FlatName", "HouseID") VALUES (202, 'кв 5', 202);
INSERT INTO public."Flat" ("ID", "FlatName", "HouseID") VALUES (203, 'кв 43', 203);
INSERT INTO public."Flat" ("ID", "FlatName", "HouseID") VALUES (204, 'кв 45', 204);
INSERT INTO public."Flat" ("ID", "FlatName", "HouseID") VALUES (205, 'кв 32', 205);
INSERT INTO public."Flat" ("ID", "FlatName", "HouseID") VALUES (206, 'кв 6', 206);
INSERT INTO public."Flat" ("ID", "FlatName", "HouseID") VALUES (207, 'кв 2', 207);
INSERT INTO public."Flat" ("ID", "FlatName", "HouseID") VALUES (208, 'кв 2', 208);
INSERT INTO public."Flat" ("ID", "FlatName", "HouseID") VALUES (209, 'кв 5', 209);
INSERT INTO public."Flat" ("ID", "FlatName", "HouseID") VALUES (210, 'кв 6', 210);
INSERT INTO public."Flat" ("ID", "FlatName", "HouseID") VALUES (211, 'кв 7', 211);
INSERT INTO public."Flat" ("ID", "FlatName", "HouseID") VALUES (212, 'кв 7', 212);
INSERT INTO public."Flat" ("ID", "FlatName", "HouseID") VALUES (213, 'кв 7', 213);
INSERT INTO public."Flat" ("ID", "FlatName", "HouseID") VALUES (214, 'кв 8', 214);
INSERT INTO public."Flat" ("ID", "FlatName", "HouseID") VALUES (215, 'кв 8', 215);
INSERT INTO public."Flat" ("ID", "FlatName", "HouseID") VALUES (216, 'кв 9', 216);
INSERT INTO public."Flat" ("ID", "FlatName", "HouseID") VALUES (217, 'кв 9', 217);
INSERT INTO public."Flat" ("ID", "FlatName", "HouseID") VALUES (218, 'кв 3', 218);
INSERT INTO public."Flat" ("ID", "FlatName", "HouseID") VALUES (219, 'кв 4', 219);
INSERT INTO public."Flat" ("ID", "FlatName", "HouseID") VALUES (220, 'кв 3', 220);
INSERT INTO public."Flat" ("ID", "FlatName", "HouseID") VALUES (221, 'кв 5', 221);
INSERT INTO public."Flat" ("ID", "FlatName", "HouseID") VALUES (222, 'кв 4', 222);
INSERT INTO public."Flat" ("ID", "FlatName", "HouseID") VALUES (223, 'кв 7', 223);
INSERT INTO public."Flat" ("ID", "FlatName", "HouseID") VALUES (224, 'кв 84', 224);
INSERT INTO public."Flat" ("ID", "FlatName", "HouseID") VALUES (225, 'кв 43', 225);
INSERT INTO public."Flat" ("ID", "FlatName", "HouseID") VALUES (226, 'кв 3', 226);
INSERT INTO public."Flat" ("ID", "FlatName", "HouseID") VALUES (227, 'кв 3', 227);
INSERT INTO public."Flat" ("ID", "FlatName", "HouseID") VALUES (228, 'кв 2', 228);
INSERT INTO public."Flat" ("ID", "FlatName", "HouseID") VALUES (229, 'кв 5', 229);
INSERT INTO public."Flat" ("ID", "FlatName", "HouseID") VALUES (230, 'кв 6', 230);
INSERT INTO public."Flat" ("ID", "FlatName", "HouseID") VALUES (231, 'кв 7', 231);
INSERT INTO public."Flat" ("ID", "FlatName", "HouseID") VALUES (232, 'кв 4', 232);
INSERT INTO public."Flat" ("ID", "FlatName", "HouseID") VALUES (233, 'кв 5', 233);
INSERT INTO public."Flat" ("ID", "FlatName", "HouseID") VALUES (234, 'кв 7', 234);
INSERT INTO public."Flat" ("ID", "FlatName", "HouseID") VALUES (235, 'кв 3', 235);
INSERT INTO public."Flat" ("ID", "FlatName", "HouseID") VALUES (236, 'кв 3', 236);
INSERT INTO public."Flat" ("ID", "FlatName", "HouseID") VALUES (237, 'кв 3', 237);
INSERT INTO public."Flat" ("ID", "FlatName", "HouseID") VALUES (238, 'кв 3', 238);
INSERT INTO public."Flat" ("ID", "FlatName", "HouseID") VALUES (239, 'кв 2', 239);
INSERT INTO public."Flat" ("ID", "FlatName", "HouseID") VALUES (240, 'кв 5', 240);
INSERT INTO public."Flat" ("ID", "FlatName", "HouseID") VALUES (241, 'кв 6', 241);
INSERT INTO public."Flat" ("ID", "FlatName", "HouseID") VALUES (242, 'кв 7', 242);
INSERT INTO public."Flat" ("ID", "FlatName", "HouseID") VALUES (243, 'кв 8', 243);
INSERT INTO public."Flat" ("ID", "FlatName", "HouseID") VALUES (244, 'кв 3', 244);
INSERT INTO public."Flat" ("ID", "FlatName", "HouseID") VALUES (245, 'кв 3', 245);
INSERT INTO public."Flat" ("ID", "FlatName", "HouseID") VALUES (246, 'кв 3', 246);
INSERT INTO public."Flat" ("ID", "FlatName", "HouseID") VALUES (247, 'кв 6', 247);
INSERT INTO public."Flat" ("ID", "FlatName", "HouseID") VALUES (248, 'кв 8', 248);
INSERT INTO public."Flat" ("ID", "FlatName", "HouseID") VALUES (249, 'кв 8', 249);
INSERT INTO public."Flat" ("ID", "FlatName", "HouseID") VALUES (250, 'кв 8', 250);
INSERT INTO public."Flat" ("ID", "FlatName", "HouseID") VALUES (251, 'кв 32', 251);
INSERT INTO public."Flat" ("ID", "FlatName", "HouseID") VALUES (252, 'кв 23', 252);
INSERT INTO public."Flat" ("ID", "FlatName", "HouseID") VALUES (253, 'кв 45', 253);
INSERT INTO public."Flat" ("ID", "FlatName", "HouseID") VALUES (254, 'кв 23', 254);
INSERT INTO public."Flat" ("ID", "FlatName", "HouseID") VALUES (255, 'кв 12', 255);
INSERT INTO public."Flat" ("ID", "FlatName", "HouseID") VALUES (256, 'кв 45', 256);
INSERT INTO public."Flat" ("ID", "FlatName", "HouseID") VALUES (257, 'кв 37', 257);
INSERT INTO public."Flat" ("ID", "FlatName", "HouseID") VALUES (258, 'кв 23', 258);
INSERT INTO public."Flat" ("ID", "FlatName", "HouseID") VALUES (259, 'кв 23', 259);
INSERT INTO public."Flat" ("ID", "FlatName", "HouseID") VALUES (260, 'кв 5', 260);
INSERT INTO public."Flat" ("ID", "FlatName", "HouseID") VALUES (261, 'кв 6', 261);
INSERT INTO public."Flat" ("ID", "FlatName", "HouseID") VALUES (262, 'кв 7', 262);
INSERT INTO public."Flat" ("ID", "FlatName", "HouseID") VALUES (263, 'кв 8', 263);
INSERT INTO public."Flat" ("ID", "FlatName", "HouseID") VALUES (264, 'кв 1', 264);
INSERT INTO public."Flat" ("ID", "FlatName", "HouseID") VALUES (265, 'кв 2', 265);
INSERT INTO public."Flat" ("ID", "FlatName", "HouseID") VALUES (266, 'кв 3', 266);
INSERT INTO public."Flat" ("ID", "FlatName", "HouseID") VALUES (267, 'кв 4', 267);
INSERT INTO public."Flat" ("ID", "FlatName", "HouseID") VALUES (268, 'кв 5', 268);
INSERT INTO public."Flat" ("ID", "FlatName", "HouseID") VALUES (269, 'кв 5', 269);
INSERT INTO public."Flat" ("ID", "FlatName", "HouseID") VALUES (270, 'кв 6', 270);
INSERT INTO public."Flat" ("ID", "FlatName", "HouseID") VALUES (271, 'кв 7', 271);
INSERT INTO public."Flat" ("ID", "FlatName", "HouseID") VALUES (272, 'кв 9', 272);
INSERT INTO public."Flat" ("ID", "FlatName", "HouseID") VALUES (273, 'кв 32', 273);
INSERT INTO public."Flat" ("ID", "FlatName", "HouseID") VALUES (274, 'кв 24', 274);
INSERT INTO public."Flat" ("ID", "FlatName", "HouseID") VALUES (275, 'кв 52', 275);
INSERT INTO public."Flat" ("ID", "FlatName", "HouseID") VALUES (276, 'кв 42', 276);
INSERT INTO public."Flat" ("ID", "FlatName", "HouseID") VALUES (277, 'кв 32', 277);
INSERT INTO public."Flat" ("ID", "FlatName", "HouseID") VALUES (278, 'кв 35', 278);
INSERT INTO public."Flat" ("ID", "FlatName", "HouseID") VALUES (279, 'кв 32', 279);
INSERT INTO public."Flat" ("ID", "FlatName", "HouseID") VALUES (280, 'кв 64', 280);
INSERT INTO public."Flat" ("ID", "FlatName", "HouseID") VALUES (281, 'кв 13', 281);
INSERT INTO public."Flat" ("ID", "FlatName", "HouseID") VALUES (282, 'кв 21', 282);
INSERT INTO public."Flat" ("ID", "FlatName", "HouseID") VALUES (283, 'кв 32', 283);
INSERT INTO public."Flat" ("ID", "FlatName", "HouseID") VALUES (284, 'кв 23', 284);
INSERT INTO public."Flat" ("ID", "FlatName", "HouseID") VALUES (285, 'кв 42', 285);
INSERT INTO public."Flat" ("ID", "FlatName", "HouseID") VALUES (286, 'кв 12', 286);
INSERT INTO public."Flat" ("ID", "FlatName", "HouseID") VALUES (287, 'кв 12', 287);
INSERT INTO public."Flat" ("ID", "FlatName", "HouseID") VALUES (288, 'кв 32', 288);
INSERT INTO public."Flat" ("ID", "FlatName", "HouseID") VALUES (289, 'кв 3', 289);
INSERT INTO public."Flat" ("ID", "FlatName", "HouseID") VALUES (290, 'кв 3', 290);
INSERT INTO public."Flat" ("ID", "FlatName", "HouseID") VALUES (291, 'кв 32', 291);
INSERT INTO public."Flat" ("ID", "FlatName", "HouseID") VALUES (292, 'кв 34', 292);
INSERT INTO public."Flat" ("ID", "FlatName", "HouseID") VALUES (293, 'кв 23', 293);
INSERT INTO public."Flat" ("ID", "FlatName", "HouseID") VALUES (294, 'кв 32', 294);
INSERT INTO public."Flat" ("ID", "FlatName", "HouseID") VALUES (295, 'кв 21', 295);
INSERT INTO public."Flat" ("ID", "FlatName", "HouseID") VALUES (296, 'кв 33', 296);
INSERT INTO public."Flat" ("ID", "FlatName", "HouseID") VALUES (297, 'кв 4', 297);
INSERT INTO public."Flat" ("ID", "FlatName", "HouseID") VALUES (298, 'кв 77', 298);
INSERT INTO public."Flat" ("ID", "FlatName", "HouseID") VALUES (299, 'кв 4', 299);
INSERT INTO public."Flat" ("ID", "FlatName", "HouseID") VALUES (300, 'кв 3', 300);

INSERT INTO public."Owner" ("ID", "FIO", "FlatID") VALUES (1, 'Сорокин Иннокентий Филиппович', 1);
INSERT INTO public."Owner" ("ID", "FIO", "FlatID") VALUES (2, 'Калашников Валентин Филиппович', 2);
INSERT INTO public."Owner" ("ID", "FIO", "FlatID") VALUES (3, 'Петров Олег Мэлсович', 3);
INSERT INTO public."Owner" ("ID", "FIO", "FlatID") VALUES (4, 'Чернов Мартин Иосифович', 4);
INSERT INTO public."Owner" ("ID", "FIO", "FlatID") VALUES (5, 'Беспалов Варлам Альбертович', 5);
INSERT INTO public."Owner" ("ID", "FIO", "FlatID") VALUES (6, 'Мельников Леонард Андреевич', 6);
INSERT INTO public."Owner" ("ID", "FIO", "FlatID") VALUES (7, 'Туров Аркадий Геннадиевич', 7);
INSERT INTO public."Owner" ("ID", "FIO", "FlatID") VALUES (8, 'Кондратьев Арнольд Парфеньевич', 8);
INSERT INTO public."Owner" ("ID", "FIO", "FlatID") VALUES (9, 'Колесников Леонид Владленович', 9);
INSERT INTO public."Owner" ("ID", "FIO", "FlatID") VALUES (10, 'Кузнецов Иннокентий Максович', 10);
INSERT INTO public."Owner" ("ID", "FIO", "FlatID") VALUES (11, 'Князев Моисей Лукьевич', 11);
INSERT INTO public."Owner" ("ID", "FIO", "FlatID") VALUES (12, 'Жданов Сергей Лукьевич', 12);
INSERT INTO public."Owner" ("ID", "FIO", "FlatID") VALUES (13, 'Суханов Феликс Авдеевич', 13);
INSERT INTO public."Owner" ("ID", "FIO", "FlatID") VALUES (14, 'Горбунов Вадим Никитевич', 14);
INSERT INTO public."Owner" ("ID", "FIO", "FlatID") VALUES (15, 'Муравьёв Александр Мэлорович', 15);
INSERT INTO public."Owner" ("ID", "FIO", "FlatID") VALUES (16, 'Сысоев Парамон Андреевич', 16);
INSERT INTO public."Owner" ("ID", "FIO", "FlatID") VALUES (17, 'Мамонтов Евгений Мэлсович', 17);
INSERT INTO public."Owner" ("ID", "FIO", "FlatID") VALUES (18, 'Сергеев Владимир Германнович', 18);
INSERT INTO public."Owner" ("ID", "FIO", "FlatID") VALUES (19, 'Белов Гарри Викторович', 19);
INSERT INTO public."Owner" ("ID", "FIO", "FlatID") VALUES (20, 'Власов Василий Гордеевич', 20);
INSERT INTO public."Owner" ("ID", "FIO", "FlatID") VALUES (21, 'Сазонов Гордей Пантелеймонович', 21);
INSERT INTO public."Owner" ("ID", "FIO", "FlatID") VALUES (22, 'Евсеев Степан Тимофеевич', 22);
INSERT INTO public."Owner" ("ID", "FIO", "FlatID") VALUES (23, 'Сидоров Антон Евсеевич', 23);
INSERT INTO public."Owner" ("ID", "FIO", "FlatID") VALUES (24, 'Зуев Севастьян Созонович', 24);
INSERT INTO public."Owner" ("ID", "FIO", "FlatID") VALUES (25, 'Аксёнов Виссарион Михаилович', 25);
INSERT INTO public."Owner" ("ID", "FIO", "FlatID") VALUES (26, 'Семёнов Ян Ильяович', 26);
INSERT INTO public."Owner" ("ID", "FIO", "FlatID") VALUES (27, 'Симонов Юстин Матвеевич', 27);
INSERT INTO public."Owner" ("ID", "FIO", "FlatID") VALUES (28, 'Романов Клемент Германнович', 28);
INSERT INTO public."Owner" ("ID", "FIO", "FlatID") VALUES (29, 'Шаров Владлен Федорович', 29);
INSERT INTO public."Owner" ("ID", "FIO", "FlatID") VALUES (30, 'Фокин Альберт Артёмович', 30);
INSERT INTO public."Owner" ("ID", "FIO", "FlatID") VALUES (31, 'Журавлёв Исак Гордеевич', 31);
INSERT INTO public."Owner" ("ID", "FIO", "FlatID") VALUES (32, 'Терентьев Болеслав Сергеевич', 32);
INSERT INTO public."Owner" ("ID", "FIO", "FlatID") VALUES (33, 'Аксёнов Максимилиан Наумович', 33);
INSERT INTO public."Owner" ("ID", "FIO", "FlatID") VALUES (34, 'Лукин Степан Макарович', 34);
INSERT INTO public."Owner" ("ID", "FIO", "FlatID") VALUES (35, 'Брагин Нелли Евсеевич', 35);
INSERT INTO public."Owner" ("ID", "FIO", "FlatID") VALUES (36, 'Кудрявцев Фрол Филиппович', 36);
INSERT INTO public."Owner" ("ID", "FIO", "FlatID") VALUES (37, 'Мясников Авраам Анатольевич', 37);
INSERT INTO public."Owner" ("ID", "FIO", "FlatID") VALUES (38, 'Зимин Аркадий Валерьянович', 38);
INSERT INTO public."Owner" ("ID", "FIO", "FlatID") VALUES (39, 'Морозов Виссарион Матвеевич', 39);
INSERT INTO public."Owner" ("ID", "FIO", "FlatID") VALUES (40, 'Шестаков Максим Леонидович', 40);
INSERT INTO public."Owner" ("ID", "FIO", "FlatID") VALUES (41, 'Галкин Филипп Максимович', 41);
INSERT INTO public."Owner" ("ID", "FIO", "FlatID") VALUES (42, 'Мясников Варлам Антонинович', 42);
INSERT INTO public."Owner" ("ID", "FIO", "FlatID") VALUES (43, 'Сазонов Терентий Артёмович', 43);
INSERT INTO public."Owner" ("ID", "FIO", "FlatID") VALUES (44, 'Лапин Владлен Ярославович', 44);
INSERT INTO public."Owner" ("ID", "FIO", "FlatID") VALUES (45, 'Лаврентьев Абрам Романович', 45);
INSERT INTO public."Owner" ("ID", "FIO", "FlatID") VALUES (46, 'Григорьев Арсений Антонинович', 46);
INSERT INTO public."Owner" ("ID", "FIO", "FlatID") VALUES (47, 'Логинов Виссарион Филатович', 47);
INSERT INTO public."Owner" ("ID", "FIO", "FlatID") VALUES (48, 'Блохин Варлаам Филатович', 48);
INSERT INTO public."Owner" ("ID", "FIO", "FlatID") VALUES (49, 'Пестов Юлиан Максович', 49);
INSERT INTO public."Owner" ("ID", "FIO", "FlatID") VALUES (50, 'Брагин Нинель Валерьевич', 50);
INSERT INTO public."Owner" ("ID", "FIO", "FlatID") VALUES (51, 'Кондратьев Наум Гордеевич', 51);
INSERT INTO public."Owner" ("ID", "FIO", "FlatID") VALUES (52, 'Фомичёв Модест Эльдарович', 52);
INSERT INTO public."Owner" ("ID", "FIO", "FlatID") VALUES (53, 'Кузьмин Рубен Романович', 53);
INSERT INTO public."Owner" ("ID", "FIO", "FlatID") VALUES (54, 'Матвеев Юрий Серапионович', 54);
INSERT INTO public."Owner" ("ID", "FIO", "FlatID") VALUES (55, 'Кудряшов Александр Матвеевич', 55);
INSERT INTO public."Owner" ("ID", "FIO", "FlatID") VALUES (56, 'Наумов Вилен Аркадьевич', 56);
INSERT INTO public."Owner" ("ID", "FIO", "FlatID") VALUES (57, 'Колесников Осип Адольфович', 57);
INSERT INTO public."Owner" ("ID", "FIO", "FlatID") VALUES (58, 'Лукин Любомир Авдеевич', 58);
INSERT INTO public."Owner" ("ID", "FIO", "FlatID") VALUES (59, 'Юдин Демьян Гордеевич', 59);
INSERT INTO public."Owner" ("ID", "FIO", "FlatID") VALUES (60, 'Ларионов Владимир Мэлорович', 60);
INSERT INTO public."Owner" ("ID", "FIO", "FlatID") VALUES (61, 'Денисов Клим Станиславович', 61);
INSERT INTO public."Owner" ("ID", "FIO", "FlatID") VALUES (62, 'Мамонтов Анатолий Валентинович', 62);
INSERT INTO public."Owner" ("ID", "FIO", "FlatID") VALUES (63, 'Марков Оскар Федосеевич', 63);
INSERT INTO public."Owner" ("ID", "FIO", "FlatID") VALUES (64, 'Игнатов Егор Федосеевич', 64);
INSERT INTO public."Owner" ("ID", "FIO", "FlatID") VALUES (65, 'Попов Ярослав Мэлорович', 65);
INSERT INTO public."Owner" ("ID", "FIO", "FlatID") VALUES (66, 'Носов Александр Иосифович', 66);
INSERT INTO public."Owner" ("ID", "FIO", "FlatID") VALUES (67, 'Новиков Гаянэ Матвеевич', 67);
INSERT INTO public."Owner" ("ID", "FIO", "FlatID") VALUES (68, 'Аюшиева Екатерина Всеволодовна', 68);
INSERT INTO public."Owner" ("ID", "FIO", "FlatID") VALUES (69, 'Щенин Евгений Ермолаевич', 69);
INSERT INTO public."Owner" ("ID", "FIO", "FlatID") VALUES (70, 'Тамило Геннадий Евграфович', 70);
INSERT INTO public."Owner" ("ID", "FIO", "FlatID") VALUES (71, 'Веденина Светлана Тимуровна', 71);
INSERT INTO public."Owner" ("ID", "FIO", "FlatID") VALUES (72, 'Гайдученко Артём Кондратович', 72);
INSERT INTO public."Owner" ("ID", "FIO", "FlatID") VALUES (73, 'Пугина Софья Борисовна', 73);
INSERT INTO public."Owner" ("ID", "FIO", "FlatID") VALUES (74, 'Кочерёжкина Антонина Яновна', 74);
INSERT INTO public."Owner" ("ID", "FIO", "FlatID") VALUES (75, 'Собачкин Валентин Яковович', 75);
INSERT INTO public."Owner" ("ID", "FIO", "FlatID") VALUES (76, 'Леонов Вячеслав Никифорович', 76);
INSERT INTO public."Owner" ("ID", "FIO", "FlatID") VALUES (77, 'Демидова Валерия Трофимовна', 77);
INSERT INTO public."Owner" ("ID", "FIO", "FlatID") VALUES (78, 'Архаткина Екатерина Елизаровна', 78);
INSERT INTO public."Owner" ("ID", "FIO", "FlatID") VALUES (79, 'Вавилов Никита Данилевич', 79);
INSERT INTO public."Owner" ("ID", "FIO", "FlatID") VALUES (80, 'Ноздрёва Наталья Степановна', 80);
INSERT INTO public."Owner" ("ID", "FIO", "FlatID") VALUES (81, 'Гоминов Святослав Феоктистович', 81);
INSERT INTO public."Owner" ("ID", "FIO", "FlatID") VALUES (82, 'Хованский Тимофей Ильевич', 82);
INSERT INTO public."Owner" ("ID", "FIO", "FlatID") VALUES (83, 'Полтанов Евгений Артемович', 83);
INSERT INTO public."Owner" ("ID", "FIO", "FlatID") VALUES (84, 'Пестов Руслан Еремеевич', 84);
INSERT INTO public."Owner" ("ID", "FIO", "FlatID") VALUES (85, 'Мухаметова Алла Владиленовна', 85);
INSERT INTO public."Owner" ("ID", "FIO", "FlatID") VALUES (86, 'Абабков Филипп Кондратиевич', 86);
INSERT INTO public."Owner" ("ID", "FIO", "FlatID") VALUES (87, 'Кубышкин Петр Маркович', 87);
INSERT INTO public."Owner" ("ID", "FIO", "FlatID") VALUES (88, 'Сапожников Василий Титович', 88);
INSERT INTO public."Owner" ("ID", "FIO", "FlatID") VALUES (89, 'Добрынин Алексей Никитевич', 89);
INSERT INTO public."Owner" ("ID", "FIO", "FlatID") VALUES (90, 'Южанин Алексей Ипполитович', 90);
INSERT INTO public."Owner" ("ID", "FIO", "FlatID") VALUES (91, 'Разуваева Инга Филипповна', 91);
INSERT INTO public."Owner" ("ID", "FIO", "FlatID") VALUES (92, 'Снаткина Лариса Глебовна', 92);
INSERT INTO public."Owner" ("ID", "FIO", "FlatID") VALUES (93, 'Дубровский Богдан Елисеевич', 93);
INSERT INTO public."Owner" ("ID", "FIO", "FlatID") VALUES (94, 'Негуторов Валентин Агапович', 94);
INSERT INTO public."Owner" ("ID", "FIO", "FlatID") VALUES (95, 'Бабченко Филипп Игнатиевич', 95);
INSERT INTO public."Owner" ("ID", "FIO", "FlatID") VALUES (96, 'Шипулин Глеб Савелиевич', 96);
INSERT INTO public."Owner" ("ID", "FIO", "FlatID") VALUES (97, 'Репин Федот Святославович', 97);
INSERT INTO public."Owner" ("ID", "FIO", "FlatID") VALUES (98, 'Нутрихина Наталия Вячеславовна', 98);
INSERT INTO public."Owner" ("ID", "FIO", "FlatID") VALUES (99, 'Якушкин Всеволод Мартьянович', 99);
INSERT INTO public."Owner" ("ID", "FIO", "FlatID") VALUES (100, 'Мащенко Тимофей Фомевич', 100);
INSERT INTO public."Owner" ("ID", "FIO", "FlatID") VALUES (101, 'Ярушин Борис Савелиевич', 101);
INSERT INTO public."Owner" ("ID", "FIO", "FlatID") VALUES (102, 'Колесов Кирилл Капитонович', 102);
INSERT INTO public."Owner" ("ID", "FIO", "FlatID") VALUES (103, 'Бобылев Игорь Анатолиевич', 103);
INSERT INTO public."Owner" ("ID", "FIO", "FlatID") VALUES (104, 'Яблонева Ангелина Филипповна', 104);
INSERT INTO public."Owner" ("ID", "FIO", "FlatID") VALUES (105, 'Ледовской Александр Якубович', 105);
INSERT INTO public."Owner" ("ID", "FIO", "FlatID") VALUES (106, 'Гавшина Марина Мефодиевна', 106);
INSERT INTO public."Owner" ("ID", "FIO", "FlatID") VALUES (107, 'Пирогов Павел Несторович', 107);
INSERT INTO public."Owner" ("ID", "FIO", "FlatID") VALUES (108, 'Просвирнина Дарья Глебовна', 108);
INSERT INTO public."Owner" ("ID", "FIO", "FlatID") VALUES (109, 'Щавлева Наталья Филипповна', 109);
INSERT INTO public."Owner" ("ID", "FIO", "FlatID") VALUES (110, 'Ивашкин Иван Егорович', 110);
INSERT INTO public."Owner" ("ID", "FIO", "FlatID") VALUES (111, 'Дрокова Вероника Всеволодовна', 111);
INSERT INTO public."Owner" ("ID", "FIO", "FlatID") VALUES (112, 'Будаев Павел Никитевич', 112);
INSERT INTO public."Owner" ("ID", "FIO", "FlatID") VALUES (113, 'Анисимова Надежда Трофимовна', 113);
INSERT INTO public."Owner" ("ID", "FIO", "FlatID") VALUES (114, 'Ямков Павел Давидович', 114);
INSERT INTO public."Owner" ("ID", "FIO", "FlatID") VALUES (115, 'Арзамасцева Александра Алексеевна', 115);
INSERT INTO public."Owner" ("ID", "FIO", "FlatID") VALUES (116, 'Вотякова Лилия Геннадиевна', 116);
INSERT INTO public."Owner" ("ID", "FIO", "FlatID") VALUES (117, 'Косинова Наталья Ираклиевна', 117);
INSERT INTO public."Owner" ("ID", "FIO", "FlatID") VALUES (118, 'Ветрова Марина Данииловна', 118);
INSERT INTO public."Owner" ("ID", "FIO", "FlatID") VALUES (119, 'Подшивалова Алиса Елизаровна', 119);
INSERT INTO public."Owner" ("ID", "FIO", "FlatID") VALUES (120, 'Ковалёва Милена Святославовна', 120);
INSERT INTO public."Owner" ("ID", "FIO", "FlatID") VALUES (121, 'Павлова Арина Михеевна', 121);
INSERT INTO public."Owner" ("ID", "FIO", "FlatID") VALUES (122, 'Русскиха Александра Павеловна', 122);
INSERT INTO public."Owner" ("ID", "FIO", "FlatID") VALUES (123, 'Дмитриев Богдан Афанасиевич', 123);
INSERT INTO public."Owner" ("ID", "FIO", "FlatID") VALUES (124, 'Цыганова Вера Иосифовна', 124);
INSERT INTO public."Owner" ("ID", "FIO", "FlatID") VALUES (125, 'Петрунин Василий Михаилович', 125);
INSERT INTO public."Owner" ("ID", "FIO", "FlatID") VALUES (126, 'Набутов Федот Мирославович', 126);
INSERT INTO public."Owner" ("ID", "FIO", "FlatID") VALUES (127, 'Зубарев Алексей Герасимович', 127);
INSERT INTO public."Owner" ("ID", "FIO", "FlatID") VALUES (128, 'Карантирова Виктория Никитевна', 128);
INSERT INTO public."Owner" ("ID", "FIO", "FlatID") VALUES (129, 'Табернакулова Лариса Ираклиевна', 129);
INSERT INTO public."Owner" ("ID", "FIO", "FlatID") VALUES (130, 'Беленкова Маргарита Карповна', 130);
INSERT INTO public."Owner" ("ID", "FIO", "FlatID") VALUES (131, 'Килина Ольга Серафимовна', 131);
INSERT INTO public."Owner" ("ID", "FIO", "FlatID") VALUES (132, 'Федулова Арина Семеновна', 132);
INSERT INTO public."Owner" ("ID", "FIO", "FlatID") VALUES (133, 'Яковцова Тамара Трофимовна', 133);
INSERT INTO public."Owner" ("ID", "FIO", "FlatID") VALUES (134, 'Дорогова Оксана Афанасиевна', 134);
INSERT INTO public."Owner" ("ID", "FIO", "FlatID") VALUES (135, 'Утёсова Инга Леонидовна', 135);
INSERT INTO public."Owner" ("ID", "FIO", "FlatID") VALUES (136, 'Вотякова Алиса Святославовна', 136);
INSERT INTO public."Owner" ("ID", "FIO", "FlatID") VALUES (137, 'Ильясова Инна Павеловна', 137);
INSERT INTO public."Owner" ("ID", "FIO", "FlatID") VALUES (138, 'Лаптева Любовь Александровна', 138);
INSERT INTO public."Owner" ("ID", "FIO", "FlatID") VALUES (139, 'Тамаркина Валентина Захаровна', 139);
INSERT INTO public."Owner" ("ID", "FIO", "FlatID") VALUES (140, 'Мяукин Константин Федотович', 140);
INSERT INTO public."Owner" ("ID", "FIO", "FlatID") VALUES (141, 'Карамышев Сергей Федотович', 141);
INSERT INTO public."Owner" ("ID", "FIO", "FlatID") VALUES (142, 'Скуратов Василий Евстафиевич', 142);
INSERT INTO public."Owner" ("ID", "FIO", "FlatID") VALUES (143, 'Лужков Валерий Геннадиевич', 143);
INSERT INTO public."Owner" ("ID", "FIO", "FlatID") VALUES (144, 'Красенкова Наталья Ипполитовна', 144);
INSERT INTO public."Owner" ("ID", "FIO", "FlatID") VALUES (145, 'Ялчевский Юрий Прокофиевич', 145);
INSERT INTO public."Owner" ("ID", "FIO", "FlatID") VALUES (146, 'Солодских Геннадий Ипатиевич', 146);
INSERT INTO public."Owner" ("ID", "FIO", "FlatID") VALUES (147, 'Рыченков Ярослав Проклович', 147);
INSERT INTO public."Owner" ("ID", "FIO", "FlatID") VALUES (148, 'Истомина Вероника Анатолиевна', 148);
INSERT INTO public."Owner" ("ID", "FIO", "FlatID") VALUES (149, 'Лукьянова Светлана Потаповна', 149);
INSERT INTO public."Owner" ("ID", "FIO", "FlatID") VALUES (150, 'Гик Георгий Фомевич', 150);
INSERT INTO public."Owner" ("ID", "FIO", "FlatID") VALUES (151, 'Григолюка Антонина Леонидовна', 151);
INSERT INTO public."Owner" ("ID", "FIO", "FlatID") VALUES (152, 'Киреева Валентина Феликсовна', 152);
INSERT INTO public."Owner" ("ID", "FIO", "FlatID") VALUES (153, 'Челпанова Алина Александровна', 153);
INSERT INTO public."Owner" ("ID", "FIO", "FlatID") VALUES (154, 'Арданкин Глеб Евлампиевич', 154);
INSERT INTO public."Owner" ("ID", "FIO", "FlatID") VALUES (155, 'Шуляк Степан Тарасович', 155);
INSERT INTO public."Owner" ("ID", "FIO", "FlatID") VALUES (156, 'Янибекова Галина Брониславовна', 156);
INSERT INTO public."Owner" ("ID", "FIO", "FlatID") VALUES (157, 'Щавлева Надежда Филипповна', 157);
INSERT INTO public."Owner" ("ID", "FIO", "FlatID") VALUES (158, 'Берёзкина Ксения Казимировна', 158);
INSERT INTO public."Owner" ("ID", "FIO", "FlatID") VALUES (159, 'Жидков Илья Капитонович', 159);
INSERT INTO public."Owner" ("ID", "FIO", "FlatID") VALUES (160, 'Шипеев Федор Аполлинариевич', 160);
INSERT INTO public."Owner" ("ID", "FIO", "FlatID") VALUES (161, 'Шурыгин Павел Денисович', 161);
INSERT INTO public."Owner" ("ID", "FIO", "FlatID") VALUES (162, 'Коновалова Ника Никитевна', 162);
INSERT INTO public."Owner" ("ID", "FIO", "FlatID") VALUES (163, 'Дегтярев Всеволод Вадимович', 163);
INSERT INTO public."Owner" ("ID", "FIO", "FlatID") VALUES (164, 'Шубин Виталий Андреевич', 164);
INSERT INTO public."Owner" ("ID", "FIO", "FlatID") VALUES (165, 'Танкова Диана Михеевна', 165);
INSERT INTO public."Owner" ("ID", "FIO", "FlatID") VALUES (166, 'Пищиков Всеволод Никитевич', 166);
INSERT INTO public."Owner" ("ID", "FIO", "FlatID") VALUES (167, 'Марьина Татьяна Вячеславовна', 167);
INSERT INTO public."Owner" ("ID", "FIO", "FlatID") VALUES (168, 'Бурдуковский Степан Иванович', 168);
INSERT INTO public."Owner" ("ID", "FIO", "FlatID") VALUES (169, 'Яимова Вера Станиславовна', 169);
INSERT INTO public."Owner" ("ID", "FIO", "FlatID") VALUES (170, 'Таганцев Андрей Владиславович', 170);
INSERT INTO public."Owner" ("ID", "FIO", "FlatID") VALUES (171, 'Хорьков Вячеслав Викентиевич', 171);
INSERT INTO public."Owner" ("ID", "FIO", "FlatID") VALUES (172, 'Ямбушева Евгения Игнатиевна', 172);
INSERT INTO public."Owner" ("ID", "FIO", "FlatID") VALUES (173, 'Веселкова Наталия Петровна', 173);
INSERT INTO public."Owner" ("ID", "FIO", "FlatID") VALUES (174, 'Племянникова Екатерина Семеновна', 174);
INSERT INTO public."Owner" ("ID", "FIO", "FlatID") VALUES (175, 'Бутикова Валентина Юлиевна', 175);
INSERT INTO public."Owner" ("ID", "FIO", "FlatID") VALUES (176, 'Сёмина Алина Емельяновна', 176);
INSERT INTO public."Owner" ("ID", "FIO", "FlatID") VALUES (177, 'Николаенко Софья Василиевна', 177);
INSERT INTO public."Owner" ("ID", "FIO", "FlatID") VALUES (178, 'Слепынин Степан Потапович', 178);
INSERT INTO public."Owner" ("ID", "FIO", "FlatID") VALUES (179, 'Коршунова Алла Константиновна', 179);
INSERT INTO public."Owner" ("ID", "FIO", "FlatID") VALUES (180, 'Синдеева Анна Федоровна', 180);
INSERT INTO public."Owner" ("ID", "FIO", "FlatID") VALUES (181, 'Гребенникова Антонина Ильевна', 181);
INSERT INTO public."Owner" ("ID", "FIO", "FlatID") VALUES (182, 'Шатова Инна Георгиевна', 182);
INSERT INTO public."Owner" ("ID", "FIO", "FlatID") VALUES (183, 'Яушев Даниил Левович', 183);
INSERT INTO public."Owner" ("ID", "FIO", "FlatID") VALUES (184, 'Эйлер Степан Казимирович', 184);
INSERT INTO public."Owner" ("ID", "FIO", "FlatID") VALUES (185, 'Пищикова Мирослава Иосифовна', 185);
INSERT INTO public."Owner" ("ID", "FIO", "FlatID") VALUES (186, 'Старостин Сергей Левович', 186);
INSERT INTO public."Owner" ("ID", "FIO", "FlatID") VALUES (187, 'Толмачёв Олег Капитонович', 187);
INSERT INTO public."Owner" ("ID", "FIO", "FlatID") VALUES (188, 'Цорн Илья Мартьянович', 188);
INSERT INTO public."Owner" ("ID", "FIO", "FlatID") VALUES (189, 'Онипченко Софья Родионовна', 189);
INSERT INTO public."Owner" ("ID", "FIO", "FlatID") VALUES (190, 'Губин Григорий Феликсович', 190);
INSERT INTO public."Owner" ("ID", "FIO", "FlatID") VALUES (191, 'Задкова Виктория Серафимовна', 191);
INSERT INTO public."Owner" ("ID", "FIO", "FlatID") VALUES (192, 'Марьин Арсений Святославович', 192);
INSERT INTO public."Owner" ("ID", "FIO", "FlatID") VALUES (193, 'Гавриков Леонид Климентович', 193);
INSERT INTO public."Owner" ("ID", "FIO", "FlatID") VALUES (194, 'Акулиничев Валентин Карлович', 194);
INSERT INTO public."Owner" ("ID", "FIO", "FlatID") VALUES (195, 'Журавлева Валентина Глебовна', 195);
INSERT INTO public."Owner" ("ID", "FIO", "FlatID") VALUES (196, 'Тальдаева Екатерина Александровна', 196);
INSERT INTO public."Owner" ("ID", "FIO", "FlatID") VALUES (197, 'Журавлёва Владислава Елисеевна', 197);
INSERT INTO public."Owner" ("ID", "FIO", "FlatID") VALUES (198, 'Танкова Василиса Всеволодовна', 198);
INSERT INTO public."Owner" ("ID", "FIO", "FlatID") VALUES (199, 'Курташкин Максим Агапович', 199);
INSERT INTO public."Owner" ("ID", "FIO", "FlatID") VALUES (200, 'Чюличкова Людмила Степановна', 200);
INSERT INTO public."Owner" ("ID", "FIO", "FlatID") VALUES (201, 'Шевцов Артём Сократович', 201);
INSERT INTO public."Owner" ("ID", "FIO", "FlatID") VALUES (202, 'Конно Алина Мефодиевна', 202);
INSERT INTO public."Owner" ("ID", "FIO", "FlatID") VALUES (203, 'Карюкин Владимир Прокофиевич', 203);
INSERT INTO public."Owner" ("ID", "FIO", "FlatID") VALUES (204, 'Пронина Кристина Андрияновна', 204);
INSERT INTO public."Owner" ("ID", "FIO", "FlatID") VALUES (205, 'Державина Маргарита Захаровна', 205);
INSERT INTO public."Owner" ("ID", "FIO", "FlatID") VALUES (206, 'Бобрикова Диана Потаповна', 206);
INSERT INTO public."Owner" ("ID", "FIO", "FlatID") VALUES (207, 'Делов Георгий Изяславович', 207);
INSERT INTO public."Owner" ("ID", "FIO", "FlatID") VALUES (208, 'Ерофеева Оксана Георгиевна', 208);
INSERT INTO public."Owner" ("ID", "FIO", "FlatID") VALUES (209, 'Гачегова Нина Германовна', 209);
INSERT INTO public."Owner" ("ID", "FIO", "FlatID") VALUES (210, 'Рыбьякова Анна Всеволодовна', 210);
INSERT INTO public."Owner" ("ID", "FIO", "FlatID") VALUES (211, 'Колпакова Анфиса Константиновна', 211);
INSERT INTO public."Owner" ("ID", "FIO", "FlatID") VALUES (212, 'Талызин Борис Епифанович', 212);
INSERT INTO public."Owner" ("ID", "FIO", "FlatID") VALUES (213, 'Шурша Иван Онуфриевич', 213);
INSERT INTO public."Owner" ("ID", "FIO", "FlatID") VALUES (214, 'Вотякова Арина Брониславовна', 214);
INSERT INTO public."Owner" ("ID", "FIO", "FlatID") VALUES (215, 'Ныркова Ксения Германовна', 215);
INSERT INTO public."Owner" ("ID", "FIO", "FlatID") VALUES (216, 'Набатников Федот Карлович', 216);
INSERT INTO public."Owner" ("ID", "FIO", "FlatID") VALUES (217, 'Юрков Павел Мирославович', 217);
INSERT INTO public."Owner" ("ID", "FIO", "FlatID") VALUES (218, 'Тимиряев Геннадий Карлович', 218);
INSERT INTO public."Owner" ("ID", "FIO", "FlatID") VALUES (219, 'Полунин Даниил Брониславович', 219);
INSERT INTO public."Owner" ("ID", "FIO", "FlatID") VALUES (220, 'Эрдниев Семён Елизарович', 220);
INSERT INTO public."Owner" ("ID", "FIO", "FlatID") VALUES (221, 'Петракова Лидия Мефодиевна', 221);
INSERT INTO public."Owner" ("ID", "FIO", "FlatID") VALUES (222, 'Шмырёв Никита Гордеевич', 222);
INSERT INTO public."Owner" ("ID", "FIO", "FlatID") VALUES (223, 'Хомколова Мирослава Станиславовна', 223);
INSERT INTO public."Owner" ("ID", "FIO", "FlatID") VALUES (224, 'Нарыков Дмитрий Прохорович', 224);
INSERT INTO public."Owner" ("ID", "FIO", "FlatID") VALUES (225, 'Абоймова Василиса Тихоновна', 225);
INSERT INTO public."Owner" ("ID", "FIO", "FlatID") VALUES (226, 'Селиванов Семен Всеволодович', 226);
INSERT INTO public."Owner" ("ID", "FIO", "FlatID") VALUES (227, 'Кудяев Всеслав Глебович', 227);
INSERT INTO public."Owner" ("ID", "FIO", "FlatID") VALUES (228, 'Сунгатулин Кирилл Игнатиевич', 228);
INSERT INTO public."Owner" ("ID", "FIO", "FlatID") VALUES (229, 'Журавлева Ольга Алексеевна', 229);
INSERT INTO public."Owner" ("ID", "FIO", "FlatID") VALUES (230, 'Жиров Олег Миронович', 230);
INSERT INTO public."Owner" ("ID", "FIO", "FlatID") VALUES (231, 'Благово Татьяна Феликсовна', 231);
INSERT INTO public."Owner" ("ID", "FIO", "FlatID") VALUES (232, 'Астрединова Валерия Романовна', 232);
INSERT INTO public."Owner" ("ID", "FIO", "FlatID") VALUES (233, 'Густокашин Григорий Натанович', 233);
INSERT INTO public."Owner" ("ID", "FIO", "FlatID") VALUES (234, 'Пастух Аркадий Феликсович', 234);
INSERT INTO public."Owner" ("ID", "FIO", "FlatID") VALUES (235, 'Сагунов Роман Архипович', 235);
INSERT INTO public."Owner" ("ID", "FIO", "FlatID") VALUES (236, 'Андрейченко Богдан Гордеевич', 236);
INSERT INTO public."Owner" ("ID", "FIO", "FlatID") VALUES (237, 'Ярин Константин Ипатович', 237);
INSERT INTO public."Owner" ("ID", "FIO", "FlatID") VALUES (238, 'Якушевича Надежда Ираклиевна', 238);
INSERT INTO public."Owner" ("ID", "FIO", "FlatID") VALUES (239, 'Силин Олег Владимирович', 239);
INSERT INTO public."Owner" ("ID", "FIO", "FlatID") VALUES (240, 'Рыбяк Арсений Тарасович', 240);
INSERT INTO public."Owner" ("ID", "FIO", "FlatID") VALUES (241, 'Тесла Константин Демьянович', 241);
INSERT INTO public."Owner" ("ID", "FIO", "FlatID") VALUES (242, 'Дворникова Светлана Давидовна', 242);
INSERT INTO public."Owner" ("ID", "FIO", "FlatID") VALUES (243, 'Бессмертных Дмитрий Аполлинариевич', 243);
INSERT INTO public."Owner" ("ID", "FIO", "FlatID") VALUES (244, 'Кулигина Жанна Ефимовна', 244);
INSERT INTO public."Owner" ("ID", "FIO", "FlatID") VALUES (245, 'Щепетинникова Тамара Потаповна', 245);
INSERT INTO public."Owner" ("ID", "FIO", "FlatID") VALUES (246, 'Колотушкина Евгения Василиевна', 246);
INSERT INTO public."Owner" ("ID", "FIO", "FlatID") VALUES (247, 'Лавлинский Иван Севастьянович', 247);
INSERT INTO public."Owner" ("ID", "FIO", "FlatID") VALUES (248, 'Гречко Артём Иосифович', 248);
INSERT INTO public."Owner" ("ID", "FIO", "FlatID") VALUES (249, 'Аглеев Святослав Валериевич', 249);
INSERT INTO public."Owner" ("ID", "FIO", "FlatID") VALUES (250, 'Пугина Влада Юлиевна', 250);
INSERT INTO public."Owner" ("ID", "FIO", "FlatID") VALUES (251, 'Ветров Артур Измаилович', 251);
INSERT INTO public."Owner" ("ID", "FIO", "FlatID") VALUES (252, 'Гаврюшина Любовь Ростиславовна', 252);
INSERT INTO public."Owner" ("ID", "FIO", "FlatID") VALUES (253, 'Янчуров Алексей Всеволодович', 253);
INSERT INTO public."Owner" ("ID", "FIO", "FlatID") VALUES (254, 'Стукалов Андрей Севастьянович', 254);
INSERT INTO public."Owner" ("ID", "FIO", "FlatID") VALUES (255, 'Шуличенко Оксана Алексеевна', 255);
INSERT INTO public."Owner" ("ID", "FIO", "FlatID") VALUES (256, 'Кольцова Ирина Михеевна', 256);
INSERT INTO public."Owner" ("ID", "FIO", "FlatID") VALUES (257, 'Толбаева Людмила Тимуровна', 257);
INSERT INTO public."Owner" ("ID", "FIO", "FlatID") VALUES (258, 'Сидоров Виталий Святославович', 258);
INSERT INTO public."Owner" ("ID", "FIO", "FlatID") VALUES (259, 'Шелагин Сергей Казимирович', 259);
INSERT INTO public."Owner" ("ID", "FIO", "FlatID") VALUES (260, 'Караулова Нина Федоровна', 260);
INSERT INTO public."Owner" ("ID", "FIO", "FlatID") VALUES (261, 'Ямов Григорий Онисимович', 261);
INSERT INTO public."Owner" ("ID", "FIO", "FlatID") VALUES (262, 'Смолянинова Валентина Николаевна', 262);
INSERT INTO public."Owner" ("ID", "FIO", "FlatID") VALUES (263, 'Лимонова Маргарита Ильевна', 263);
INSERT INTO public."Owner" ("ID", "FIO", "FlatID") VALUES (264, 'Антонович Сергей Натанович', 264);
INSERT INTO public."Owner" ("ID", "FIO", "FlatID") VALUES (265, 'Глоба Ярослав Даниилович', 265);
INSERT INTO public."Owner" ("ID", "FIO", "FlatID") VALUES (266, 'Павлов Дмитрий Севастьянович', 266);
INSERT INTO public."Owner" ("ID", "FIO", "FlatID") VALUES (267, 'Друганина Любава Константиновна', 267);
INSERT INTO public."Owner" ("ID", "FIO", "FlatID") VALUES (268, 'Михальченко Анфиса Всеволодовна', 268);
INSERT INTO public."Owner" ("ID", "FIO", "FlatID") VALUES (269, 'Князев Василий Геннадиевич', 269);
INSERT INTO public."Owner" ("ID", "FIO", "FlatID") VALUES (270, 'Никифоров Лев Валериевич', 270);
INSERT INTO public."Owner" ("ID", "FIO", "FlatID") VALUES (271, 'Качурин Глеб Несторович', 271);
INSERT INTO public."Owner" ("ID", "FIO", "FlatID") VALUES (272, 'Яматин Роман Владимирович', 272);
INSERT INTO public."Owner" ("ID", "FIO", "FlatID") VALUES (273, 'Макаров Денис Данилевич', 273);
INSERT INTO public."Owner" ("ID", "FIO", "FlatID") VALUES (274, 'Яхимовича Анна Николаевна', 274);
INSERT INTO public."Owner" ("ID", "FIO", "FlatID") VALUES (275, 'Бегичев Михаил Остапович', 275);
INSERT INTO public."Owner" ("ID", "FIO", "FlatID") VALUES (276, 'Деменок Станислав Михеевич', 276);
INSERT INTO public."Owner" ("ID", "FIO", "FlatID") VALUES (277, 'Громова Мирослава Степановна', 277);
INSERT INTO public."Owner" ("ID", "FIO", "FlatID") VALUES (278, 'Аронов Вадим Андроникович', 278);
INSERT INTO public."Owner" ("ID", "FIO", "FlatID") VALUES (279, 'Яблочкина Яна Филипповна', 279);
INSERT INTO public."Owner" ("ID", "FIO", "FlatID") VALUES (280, 'Каштанова Людмила Филипповна', 280);
INSERT INTO public."Owner" ("ID", "FIO", "FlatID") VALUES (281, 'Таначёва Алиса Михеевна', 281);
INSERT INTO public."Owner" ("ID", "FIO", "FlatID") VALUES (282, 'Набалкин Лев Аполлинариевич', 282);
INSERT INTO public."Owner" ("ID", "FIO", "FlatID") VALUES (283, 'Глебов Тимофей Викентиевич', 283);
INSERT INTO public."Owner" ("ID", "FIO", "FlatID") VALUES (284, 'Толстокожев Денис Самуилович', 284);
INSERT INTO public."Owner" ("ID", "FIO", "FlatID") VALUES (285, 'Менде Михаил Якубович', 285);
INSERT INTO public."Owner" ("ID", "FIO", "FlatID") VALUES (286, 'Челомей Олег Евграфович', 286);
INSERT INTO public."Owner" ("ID", "FIO", "FlatID") VALUES (287, 'Проскуркина Светлана Ефимовна', 287);
INSERT INTO public."Owner" ("ID", "FIO", "FlatID") VALUES (288, 'Монаков Илья Андреевич', 288);
INSERT INTO public."Owner" ("ID", "FIO", "FlatID") VALUES (289, 'Гришаев Богдан Аполлинариевич', 289);
INSERT INTO public."Owner" ("ID", "FIO", "FlatID") VALUES (290, 'Староверов Артур Елисеевич', 290);
INSERT INTO public."Owner" ("ID", "FIO", "FlatID") VALUES (291, 'Рябоконь Павел Юриевич', 291);
INSERT INTO public."Owner" ("ID", "FIO", "FlatID") VALUES (292, 'Харзин Филипп Фомевич', 292);
INSERT INTO public."Owner" ("ID", "FIO", "FlatID") VALUES (293, 'Шалупов Станислав Данилевич', 293);
INSERT INTO public."Owner" ("ID", "FIO", "FlatID") VALUES (294, 'Ельченко Владимир Юриевич', 294);
INSERT INTO public."Owner" ("ID", "FIO", "FlatID") VALUES (295, 'Нюхтилин Борис Мечиславович', 295);
INSERT INTO public."Owner" ("ID", "FIO", "FlatID") VALUES (296, 'Распутин Денис Аникитевич', 296);
INSERT INTO public."Owner" ("ID", "FIO", "FlatID") VALUES (297, 'Тарновецкий Всеслав Куприянович', 297);
INSERT INTO public."Owner" ("ID", "FIO", "FlatID") VALUES (298, 'Сукина Марина Серафимовна', 298);
INSERT INTO public."Owner" ("ID", "FIO", "FlatID") VALUES (299, 'Колбягина Елизавета Ивановна', 299);
INSERT INTO public."Owner" ("ID", "FIO", "FlatID") VALUES (300, 'Блинова Алиса Емельяновна', 300);